1911-1920,1921-1930,1931-1940,1951-1960
-1.0859487056732178,0.20357562601566315,0.34031713008880615,0.15452343225479126
-0.2985754404217005,-0.4424423258751631,0.8298360705375671,-0.5710267275571823
0.01822146773338318,-0.18705973029136658,0.43887191265821457,-0.5419891774654388
-0.17595368437469006,0.431075153251489,0.18319566051165265,-0.5420194417238235
-0.3967667184770107,0.33414357403914136,-0.307040477792422,0.4769115373492241
-0.33806946873664856,0.05095922574400902,0.5792980082333088,0.5748059563338757
-0.11694067995995283,-0.3633397889013092,0.17984792838493985,0.6599606350064278
0.1275828778743744,-0.22337552160024643,0.9810691177845001,-1.2355644777417183
-0.1334984302520752,-0.03624616314967473,0.08827207734187444,-0.22258222848176956
0.09664582461118698,0.3275957057873408,-0.7250697563091915,0.4225553572177887
0.6563090533018112,-0.41027213757236797,-0.4893159704903762,0.5086110765114427
0.2961563803255558,-0.1620941286285718,0.5340475070600709,-0.17799169104546309
0.11282980442047119,0.2575322203338146,-0.4921240024268627,0.7178333103656769
-0.26324979960918427,-0.3422940820455551,0.502724090591073,-0.2511570993810892
-0.25006160140037537,0.36223796755075455,-0.533912181854248,0.4030001759529114
-0.06486275047063828,-0.02132041659206152,-0.814546980895102,1.1082856133580208
-0.4143189489841461,0.25999170541763306,-1.110799714922905,1.2429956048727036
-0.3940389472991228,-0.12481708265841007,0.10454823076725006,0.3496823236346245
0.037097055464982986,-0.12308513621489206,0.17746328810850778,0.10118505358695984
-0.6015112549066544,0.5350470294555028,-0.02383939673503238,-0.267583254724741
-0.40556970052421093,0.07675284457703432,0.14039185146490732,-0.08855929225683212
0.21283787488937378,-0.26756799314171076,0.08750852476805449,0.4972859751433134
-0.2820666432380676,0.18578335766990978,-0.05569830474754173,-0.06703459657728672
0.14409172534942627,-0.4532198216766119,0.04698644019663334,0.2611984424293041
-0.12258104234933853,-0.5045900698751211,0.11931451968848705,0.2122914269566536
0.041913583874702454,0.1516823371251424,0.15380642066399258,-0.39176611602306366
-0.252673976123333,0.002453512201706573,-0.21797023589412373,0.3458104506134987
-0.44952940940856934,-0.27064343790213263,-0.029789601763089507,0.4840705916285515
-0.22737790644168854,0.39336609840393066,-0.2576964236795902,-0.43560440465807915
1.2071107029914856,-0.3382018705209096,-0.5821028302113215,0.5195530951023102
0.11890523135662079,-0.287455038788418,0.13043368949244422,0.4236371945589781
-0.5899758785963058,0.1485674853126208,0.27570690338810283,-0.5335054863244295
0.9575969576835632,-0.1345694661140442,-0.13823002576828003,-0.13321702182292938
-0.17200849950313568,-0.26089603205521905,0.7323386271794637,-0.06210939586162567
0.24592240527272224,-0.33104858795801795,0.5774617294470469,-0.08084173128008842
-0.1644567996263504,-0.13848996410767236,0.011101963619391123,-0.22234398685395718
0.023283297196030617,-0.061897531151771545,-0.40410027652978897,0.44330322183668613
0.34198811650276184,-0.3369561918079853,0.1613559015095234,-0.06557613611221313
0.3650432825088501,0.10013642596701781,0.15465028894444305,-0.3114268183708191
-0.02838374674320221,0.07553452874223392,-0.15798490370313328,0.5116024315357208
0.07715732231736183,-0.48956976706782973,0.5520387838284174,0.16113611310720444
0.4919163538143039,-0.2684774287045002,0.20509606320410967,0.3512347489595413
0.22826942522078753,-0.2641907272239526,-0.3099922227362792,0.15559404343366623
-0.6199863404035568,-0.08293178180853528,0.5197140524784725,-0.6529679298400879
0.11416741460561752,-0.11400324354569118,-0.0927229014535745,-0.24472106620669365
-0.20291446894407272,-0.7659997989734014,0.3514985156555971,0.2892388366162777
0.4316745772957802,0.13286755234003067,0.02009187638759613,-0.2707402892410755
-0.011840235441923141,-0.3855428108945489,0.02789993304759264,0.1785697601735592
0.018949679099023342,0.1617710255086422,0.5874623171985149,-1.13552226126194
-0.18793201446533203,-0.19980025788148245,0.5302444522579511,-0.30525239557027817
-0.2991808205842972,-0.021235120793183654,-0.20455579708019891,0.17637383192777634
-0.20261894911527634,-0.2832290828227997,0.11543881893157959,0.21178029663860798
-0.36778368055820465,0.21401853362719217,-0.2181378255287806,-0.16932270675897598
0.09786833822727203,0.4486746105055014,0.08227717441817126,-0.3087704349309206
-0.2018018439412117,0.27889333704176045,0.30255760958728695,-0.6613662615418434
-0.8816073648631573,0.6000915803015232,-0.4385688342154026,0.42983076348900795
0.5684767812490463,-0.2329186648130417,0.4436803460121155,-0.062113065272569656
0.6264370027929544,-0.25506978668272495,-0.3058374971151352,0.1642434000968933
-0.11130531504750252,0.18106263503432274,-0.6371354721486568,1.0500279664993286
-0.07078966125845909,0.0038099735975265503,0.19469531252980232,-0.2889207284897566
-0.16522546112537384,0.37831951677799225,0.032670699059963226,-0.24258637428283691
-0.26391176134347916,0.20371343195438385,-0.12658391892910004,0.6267137676477432
0.21881165262311697,0.3408592181901137,-0.066225644821922,-0.8712247665971518
-0.30962056666612625,0.10313891371091206,-0.25830969711144763,0.207426019012928
0.293471809476614,-0.09130287170410156,0.27260248363018036,0.10212658578529954
0.09309838339686394,0.09692048157254855,-0.012095725784699127,0.35176146030426025
0.5335433334112167,0.20229005565245944,-0.7578152467807133,0.19356607645750046
0.1794223040342331,-0.3972835373133421,-0.024869783781468868,0.07193509582430124
0.1331310123205185,-0.32197650521993637,0.14531982690095901,0.2500162124633789
0.009188801050186157,0.053906162579854325,0.4031034509340922,-0.23225755244493484
0.2438124641776085,-0.07438904792070389,0.4218591898679733,-0.5137351527810097
-0.26960770785808563,-0.11967187623182932,0.6361238459746043,-0.33486744202673435
-0.0727105401456356,-0.015526361763477325,-0.7964368686079979,0.4155433103442192
0.6544856131076813,-0.23034387951095897,-0.24686479444305104,0.49253392219543457
-0.4325774721801281,-0.11890341838200888,0.16460693379243216,0.20280987583100796
0.3913622349500656,0.015119985987742744,-0.4270648912837108,0.514705965295434
-0.2798363119363785,0.38479921221733093,-0.3383911997079849,-0.33566829562187195
-0.3640747107565403,0.2633762868742148,0.5014109847446282,-1.075902171432972
0.2784452512860298,-0.23656896253426868,0.34653302778800327,-0.21264402195811272
-0.22432997822761536,0.19403336445490518,0.21949434777100882,0.21720461547374725
0.27576054632663727,-0.17622587084770203,0.6533982753753662,-0.16128301620483398
-0.008367899805307388,0.2502277468641599,0.030397924284140267,-0.43255993723869324
-0.043380044400691986,-0.4289226420223713,-0.8886375389993191,0.8300841897726059
7.551690082997084,-4.991427852461735,-2.4182482746740184,-0.03358810767531395
-0.3090789094567299,0.15481512124339739,0.02014818166693052,0.10158345848321915
0.6914508789777756,-0.21566670760512352,0.6898900680243969,0.12697753310203552
0.6120984554290771,0.27089963977535564,-0.6854741734762986,0.18970179557800293
-0.05183278024196625,-0.11613775293032329,-0.29629117002089816,0.6678699776530266
0.48923054337501526,-0.015493549406528473,-0.07201415300369263,0.02798360213637352
-0.05996176227927208,-0.028892899552981063,-0.4528793891270955,0.35289204120635986
0.578475683927536,-0.42438888798157376,-0.21255965282519657,0.05976424366235733
0.15544728934764862,0.016756231586138398,-0.13095100099841753,0.23407715931534767
-0.29012243170291185,-0.3665881358707945,0.11990138391653699,-0.27312492579221725
0.026297815144062042,-0.09842373182376225,0.01642091556762655,-0.12568715447559953
-0.19021178781986237,-0.3170238733291626,-0.008682534098625183,-0.008865594863891602
-0.8345993161201477,-0.23856486876805627,0.6626976331075033,-0.021196722984313965
0.24163846299052238,-0.24550100540121397,0.12074977656205496,-0.393198624253273
0.18367910385131836,-0.20123897741238278,0.06540855641166371,-0.14810818806290627
-0.20169672556221485,0.2625560580442349,0.030458518614371627,-0.21315768733620644
0.08688946813344955,0.22940161327521008,-0.2798071118692557,0.3382820449769497
0.21865740418434143,0.006564450760682433,-0.005918291707833617,-0.24045876041054726
0.2459363415837288,-0.08854265262683232,-0.3645517487699787,0.1432756269350648
-0.7688265442848206,0.602489760145545,-0.5176974590867758,0.49430909752845764
-0.055147040635347366,0.025140843043724687,0.2993812759717306,-0.549170482903719
0.24905097484588623,-0.23211722075939178,0.09254711121320724,-0.1500958427786827
-0.17812161333858967,-0.16571751236915588,-0.15121065825223923,0.557375555858016
0.019861482083797455,-0.000713904077808053,-0.006490736578901618,-0.07242345437407494
-0.04787034913897514,0.20268539463480315,0.07159779841701189,-0.01986539736390114
0.5372845679521561,0.39001792669296265,-0.6267686933279037,0.09966692328453064
0.13808119297027588,0.08004187295834224,0.03945983697970708,-0.06149893254041672
-0.10125424154102802,-0.18625592750807604,0.1236626481016477,0.21608947217464447
-0.48028265684843063,-0.17760645349820456,0.4310423073669275,-0.07714814692735672
0.0826996024698019,0.07416603527963161,-0.1573744174093008,0.5287023391574621
0.045648179948329926,-0.2976999959597985,0.3043891868243615,0.3737603574991226
-0.3054097928106785,-0.15507669498523075,0.00992752363284427,0.4228658676147461
-0.1040809229016304,0.07045958439509073,0.32443056752284366,-0.24979349970817566
-0.4525393471121788,0.116609588265419,0.2535546123981476,-0.35921063274145126
-0.15263739228248596,0.14167087028423947,-0.2187506730357806,0.011855886317789555
0.18385146372020245,-0.04215493053197861,0.020231371745467186,-0.34162995032966137
-0.3989774063229561,0.04005271444718043,-0.0025465997556845324,0.17656324431300163
-0.03366415202617645,0.036724520226319626,0.48220229397217435,-0.6080231219530106
-0.20426879823207855,-0.26476848249634105,0.23983931665619213,0.33555468916893005
0.6763925924897194,0.24404573440551758,-0.3962659537792206,0.46524036675691605
-0.35440631210803986,-0.1973899205525716,0.049157445629437746,0.02615475282073021
-0.13494272157549858,-0.03058920552333197,0.137754259010156,-0.19945989549160004
-5.811585806310177,3.970304821928342,1.7886347422997158,0.15314487740397453
0.017782874405384064,-0.06320499690870443,0.3298543567458788,-0.8289615977555513
0.11016291752457619,-0.4007633713384469,0.7150128831466038,-0.44997582770884037
0.34371256083250046,-0.42669671525557834,0.5983268891771634,-0.10190888307988644
-0.4257546868175268,0.1871761679649353,-0.3993282839655876,0.42599967867136
-0.02640734612941742,-0.32857944587400806,0.009868723844798921,0.5132672786712646
0.3060344085097313,-0.21743151545524597,0.38138195872306824,-0.7185405045747757
-0.03723956644535065,-0.020796994368235268,-0.18808313210805258,0.04513630270957947
0.09582197666168213,0.19221091146270433,-0.1878193753461043,-0.07079783082008362
0.24776147329248488,0.00927570873561005,-0.7822284294913212,0.8274176865816116
-0.3794257640838623,0.6477474719285965,-0.23725873231887817,0.15616627037525177
0.46026047971099615,-0.06939386607458194,-0.1392829070488612,0.26110866107046604
0.07897227630019188,-0.005452420562505722,0.06538289785385132,-0.12589375860989094
-0.12293418869376183,0.25138425827026367,-0.48558739945292473,-0.19133219867944717
-0.03851054608821869,0.23029709110657376,-0.28348366419474286,-0.20341354608535767
-0.1087208166718483,0.48149051517248154,0.28226203471422195,-1.0498471781611443
-0.5891600549221039,-0.15517023702462512,0.5643578519423802,-0.07854857295751572
-0.9302925914525986,0.011284809559583664,0.12798171117901802,0.7936975806951523
0.1306498944759369,-0.0810259481271108,0.11940676843126614,0.15146462991833687
-0.21532364189624786,0.09309315184752147,0.7077384938796362,-0.8953650966286659
0.12418459355831146,0.012682345385352761,-0.712432366485397,0.1706562042236328
0.05079449713230133,0.030885020891825356,-0.080103466908137,-0.07598231080919504
-0.507452517747879,0.487444373468558,-0.9344918156663578,1.4381430596113205
-0.13934968411922455,-0.4005899578332901,0.117388516664505,0.12129338830709457
0.024817150086164474,0.10588947186867395,-0.04602030913035074,-0.4458081051707268
0.19325844757258892,-0.026288116350769997,0.5699432641267776,-0.8403879478573799
0.16908195614814758,-0.08759596819678943,-0.026236505558093388,0.10640987195074558
-0.5627405233681202,0.024118660638729722,-0.7322021561364332,0.6201462484896183
0.011724036186933517,0.2622421284516652,-0.4421634649236997,0.589140173047781
-0.046045511960983276,0.3607276678085327,-0.15753789618611336,0.3876596428453922
-0.2595255561172962,0.6805885216842095,-0.6075735023866097,0.3481781780719757
0.45450711250305176,0.30298244704802835,0.12410968790451685,-0.654604583978653
0.3710055947303772,-0.044092319905757904,-0.2964188680052757,0.47230833768844604
0.10742821358144283,0.07629720183710258,-0.30276189806560677,0.32753048092126846
-0.1300441473722458,0.14778224503000575,0.49038346732656163,-0.9651062488555908
-0.061299338936805725,0.35203773776690167,0.09750665103395778,-0.475985873490572
0.17042669653892517,0.10548188909888268,-0.2672550193965435,0.538747139275074
0.11280974373221397,-0.40017177164554596,0.8079515844583511,-0.38927242159843445
0.47699815034866333,-0.143064151207606,0.4034075519690911,-0.7226782273501158
-0.2598096951842308,-0.36537205924590427,0.32512231667836505,0.07517562806606293
0.31538985297083855,-0.08359835669398308,-0.151763703674078,0.6578183472156525
-0.30072160717099905,-0.101837742763261,0.1198136859262983,-0.2684033466503024
0.24484363943338394,-0.3346796929836273,0.5506189540028572,-0.009206082671880722
0.1144271194934845,-0.25281536082426703,-0.19916733105977377,0.2550157532095909
-0.12249558418989182,-0.25678308494389057,0.8460997212678194,-1.0185651034116745
0.09028016962110996,0.16140623204410076,0.008199993520975113,-0.28513647173531353
-0.1607504952698946,0.508597324291865,-0.5151114488641421,0.574977919459343
-0.2852821573615074,-0.09088919560114542,0.03999225671092668,0.037629399448633194
-0.32426610216498375,0.059556694080432265,-0.013503616054852813,0.036478593945503235
0.2799647357314825,-0.28068122329811257,0.5908642361561458,-0.6523472443223
0.2764827460050583,0.09226306776205699,-0.3833125966290633,0.3380301482975483
-0.5482529923319817,0.3261306993663311,0.26631760224699974,-0.36662770062685013
-0.086342453956604,0.27611883729696274,-0.3300486020743847,0.12997494637966156
0.1815929263830185,-0.34550127014517784,0.5595966912806034,-0.4166080355644226
-0.2877570390701294,-0.10428410768508911,0.6565328203141689,-0.28627176955342293
0.10539527982473373,-0.14564100404580432,0.14464446653922397,-0.30973293632268906
-0.03889911621809006,0.0026106337706247873,-0.19758191208044687,0.29505378007888794
0.11400187015533447,-0.17603230476379395,0.648679256439209,-0.7034263536334038
-0.07838040590286255,-0.10283650023241837,-0.08432168901587526,0.1472198343835771
-0.3905225843191147,0.04055650035540262,0.288716067870458,-0.421370517462492
0.0219859778881073,0.1551759298890829,0.15441310219466686,-0.3616669848561287
0.49113789200782776,0.05599142362674078,-0.3719944035013517,-0.09151738602668047
0.1028050109744072,-0.2913846249381701,0.20383736739555994,-0.00703604519367218
0.030490875244140625,-0.22740140805641812,0.24004198114077252,0.38584307581186295
-0.2325875610113144,-0.14922620356082916,0.24839657545089722,-0.41263188421726227
0.11910705640912056,0.25406834607323014,-0.46482853343089425,0.4695554878562689
0.28294938057661057,-0.04786461219191551,0.6729464717209339,-1.1686581671237946
-0.4191952124238014,0.2746339229245981,0.1985588955382506,0.27871793508529663
-0.3658268768340349,0.36037828524907434,0.20239697645107904,-0.002935968339443207
-0.2635652506724,0.18611587832371393,0.07915750642617544,0.17501940950751305
0.2860749624669552,0.22143055250247318,-0.2609711488087972,0.25669678300619125
0.32629457116127014,-0.3031570265690486,0.489121879140536,-0.33916690945625305
0.06024041771888733,-0.0978702207406362,-0.09899677584568659,-0.0327705442905426
-0.7817352861166,0.25768250847856206,0.2838047457238038,-0.0560101643204689
-0.281082097440958,-0.09017452069868644,-0.4166667178894083,0.17558549158275127
-0.07968709617853165,-0.07485288878281911,0.10051975150903066,0.1570765394717455
-0.2520313635468483,-0.13989683985710144,0.5627535842359066,-0.3376472257077694
-0.05128468573093414,-0.12736864387989044,0.09404119104146957,0.1147388443350792
-0.43864935636520386,-0.06757964193820953,0.28102461621165276,-0.10691903159022331
0.3903687447309494,-0.2117075709005197,-0.02447358394662539,-0.006151720881462097
-0.3353885058313608,-0.026375922684868176,-0.40172045181194943,0.4765557050704956
0.9292024224996567,-1.5242130756378174,1.8222378343343735,-3.032259076833725
0.16623717546463013,-0.04871449867884317,-0.3274687950809797,-0.00978417694568634
-0.027650702744722366,-0.28995976348718006,0.8317631309231122,-0.38869743794202805
0.6063942685723305,-0.8465021053949991,0.2946581381062666,-0.26191143691539764
0.7974779978394508,-0.45094140991568565,-0.22292900457978249,-0.14480257779359818
-0.41042327880859375,0.1396686633427938,-0.07155817871292433,0.43071386963129044
0.35449807345867157,0.04125666369994481,0.1884896370271842,-0.37640077248215675
-0.3880648761987686,0.19003086785475412,0.22241490644713244,0.16029882617294788
-0.3125538043677807,-0.019408293068408966,1.4035889655351639,-1.1998991630971432
-0.5111787337809801,0.2844338783373435,-0.16150333484013873,0.40206825733184814
0.43806289695203304,0.04208783308664958,-0.008725757400194808,0.2726752907037735
-0.1893438845872879,0.06741477052370708,-0.24774278948704404,0.2149493172764778
0.6613709852099419,-0.024135736127694457,-0.38651062796513236,-0.17472657561302185
-0.021232835948467255,-0.7950450107455254,0.9019578918814659,-0.6217927411198616
0.08827202022075653,-0.21658119559288025,-0.24027197808027267,0.7336651012301445
-0.5040540918707848,0.6769520187129576,-0.8764587411036093,0.3772679567337036
0.3442596346139908,0.07008219510316849,-0.09259872138500214,-0.15379377827048302
0.23742440342903137,-0.20988166332244873,-0.02660970389842987,-0.11936182156205177
-0.13739550113677979,-0.2094792102773984,0.6927476537724335,-0.14947732537984848
-0.16964557021856308,0.05965835352738698,-0.16135407177110514,0.04625966586172581
0.20979448780417442,0.16940518096089363,0.0431993193924427,0.2052240865305066
0.13899150490760803,0.04313158740599951,-0.3142224525411924,0.4326133131980896
-0.6549409776926041,0.37413062093158567,-0.4123887376238903,0.723232876509428
0.5297652864828706,-0.49175016923497117,0.36050507674614585,0.31584763526916504
-0.5368389263749123,0.08540846407413483,-0.2910560667514801,0.17441426217556
0.032190777361392975,-0.01811841626962024,-0.549213985602061,0.3867177842184901
0.22855651006102562,-0.1682945303618908,0.3668522387742996,-0.12118706852197647
0.11461896449327469,0.3831169890860716,0.503830344726642,-0.1287313923239708
-0.5087156146764755,-0.5106955369313557,0.6363071103890736,-0.16960454918444157
0.07626020908355713,0.19546256804217893,-0.1119159630810221,0.09538299217820168
0.13423805683851242,0.11988987525304158,-0.0675623541076978,0.33576060086488724
0.6751898266375065,-0.02905800441900891,0.0016427586476008282,-0.5775170996785164
-0.38635957427322865,0.13300789799541235,-0.2772819371894002,0.6960815079510212
0.6161548271775246,0.15784597521026927,-0.2695933555563291,0.03662040829658508
-0.16707675345242023,-0.12006515574951968,0.03639471282561621,-0.3964351937174797
-0.5962686836719513,-0.2021184265613556,0.12416676245629787,0.28634064830839634
0.4608064144849777,0.27559392650922143,-0.19248867531617483,0.07059013098478317
-0.07315930724143982,0.02854733169078827,-0.3433203808963299,-0.16447081044316292
-0.28466586768627167,0.1377408703168233,0.18107247600952786,-0.2620452828705311
0.4765131361782551,-0.17032954966028532,-0.8327859851221243,0.8199225664138794
-0.43608262203633785,-0.2014728207141161,0.5111393257975578,-0.6212827488780022
0.09401150420308113,-0.09742566073934238,-0.5274708693226179,0.9756807908415794
-0.23654983937740326,-0.1230320061246554,0.07365233326951662,0.35637402161955833
0.5361102521419525,-0.29324179266889894,-0.11505273605386415,-0.282475546002388
-0.43140753358602524,-0.03569988409678143,0.6957749004165332,-0.3546178266406059
-0.42407333850860596,0.21444370597600937,-0.33940236270427704,0.290166936814785
-0.024868302047252655,-0.17297138025363287,-0.25415616730848944,0.7123876512050629
0.52109544724226,0.11961576404670873,-0.0330856821189324,-0.23665173910558224
-0.37754860520362854,0.18409651642044383,-0.5192875278492768,0.33529455959796906
-0.11702043004333973,-0.4622686455647151,0.3268783080081145,0.09083323553204536
0.16021770983934402,-0.18171624094247818,-0.12701169773936272,-0.07290689647197723
-0.3206450119614601,0.1651725086073081,-0.13734448576966923,0.6280646100640297
28.260399103164673,-17.72485299905141,-8.327179710070293,-2.3626022338867188
0.3916349522769451,-0.31477294489741325,-0.24938181042671204,0.6171424575150013
-0.031479090452194214,-0.03877182429035503,0.029850886513789476,0.013751626014709473
-0.6997718811035156,0.21958657105763751,0.33679355184237164,0.3339298963546753
0.25564020313322544,-0.04417334031313658,-0.09435896296054125,0.24961796402931213
-0.6678784638643265,0.4395377039909363,-0.06029493920505047,-0.07397260889410973
0.07045809738337994,-0.060436119635899864,-0.2587069148818652,0.06990735977888107
0.13118773698806763,0.037535966684420906,-0.14484666412075362,-0.04552678018808365
-0.1248279120773077,-0.022007575879494354,0.049604667971531555,0.0048809964209795
0.09218097850680351,0.12298333893219629,-0.0017870018879572527,-0.5848686993122101
0.4797592982649803,-0.11780156629780927,-0.3001523197938999,0.29512179642915726
-0.5860542058944702,0.0976473664244016,-0.4103762035568555,0.9432810321450233
-0.2207523062825203,0.2968960752089818,0.1652598331371943,-0.3269278258085251
0.07600034400820732,-0.3056640215218067,-0.018658511340618134,0.6307900547981262
0.15001145005226135,-0.06392041283349198,0.12446137207249802,0.5933676511049271
0.12680672109127045,-0.27416237940390903,0.1655709569652875,-0.17540142312645912
-0.14696897938847542,-0.22034494547794262,0.07826030223319927,0.5399241372942924
0.46890611574053764,-0.43209543327490485,-0.13135369618733725,0.2906911224126816
-0.0383160337805748,0.2118204664438963,-0.20367516949772835,0.37236147187650204
0.20248518977314234,-0.23575812578201294,-0.058355845510959625,0.02657949086278677
0.10832090675830841,-0.010693423449993134,-0.04171476513147354,-0.2467871904373169
-0.026230222545564175,-0.04423208845158419,0.8466925354053577,-0.654967300593853
-0.05397383123636246,0.12828004360198975,-0.1530410572886467,-0.5159702822566032
-0.23084422387182713,0.2595933570216099,-0.33601712683836615,0.7573171406984329
0.18473552912473679,-0.15796701610088348,-0.08770392835140228,-0.5681572183966637
-0.28526294976472855,0.6951579203208288,-0.15527350207169854,-0.12426352500915527
-0.5006815046072006,-0.46148180961608887,0.05730050802230835,0.4702405291609466
-0.06492551788687706,-0.011453349143266678,-0.17355135083198547,-0.14349587261676788
0.23908904194831848,0.6854299306869507,-0.7109705526381731,-0.19371016137301922
0.2703846860677004,-0.1894565193603436,-0.8825457276155552,1.0535084679722786
-0.3796786554157734,0.3487015422433615,0.09207037650048733,-0.009735658764839172
0.13196101784706116,-0.37463538597027457,0.6129670987526575,-0.4501378759741783
0.04666560888290405,0.39810977379480994,-0.6730316082636515,-0.08936235308647156
0.9751817360520363,-0.18649999424815178,0.2089884914457798,-0.6674547623842955
-0.011162884533405304,-0.21773850917816162,0.16611038148403168,-0.6133416295051575
-0.009557589888572693,-0.47309713003536064,-0.011033584053317724,0.5789111712947488
-0.5671811755746603,-0.045376166701316833,0.9596128426492214,-0.32160378620028496
0.8023430556058884,-0.5099123714802165,1.177994847142448,-1.9508604407310486
0.5103276520967484,-0.11146980772415797,0.484744797150294,-0.22620303183794022
-0.42551882192492485,0.3329628345866998,-0.4717920844753583,0.10919162631034851
0.2921476950868964,-0.04599199847628673,0.07308341780056557,-0.4070228235796094
0.08978698030114174,-0.04852265864610672,0.6814703494310379,-0.9238729104399681
2.7037118673324585,-1.0786752005418143,-0.49691330889860785,-1.3346840888261795
0.5352992117404938,-0.08848319947719574,-0.05819484777748585,0.07324127294123173
-0.09325460344552994,0.08288245399792987,-0.015474294622739138,-0.04408794082701206
-2.197607159614563,1.0417283698916435,-0.9476381652057171,2.3798482604324818
0.2612176612019539,-0.5409118458628654,0.0016905784141272306,0.4104170904029161
0.5384430773556232,0.04140459125240644,-0.8598133673270544,0.8342984467744827
-0.1565573811531067,0.0954051713148753,0.5429170032342274,-1.03421238809824
0.016970574855804443,-0.22282564143339795,-0.10169440632065135,0.01772933593019843
0.2633432149887085,-0.5023248692353567,0.8290286262830099,-0.7695004343986511
0.4750894829630852,-0.4721643899877866,-0.08116597185532254,0.3141527622938156
0.15407160483300686,-0.12327676949401696,0.642107163866361,-0.9686141610145569
0.17759602144360542,0.10989473511775334,-0.2539430496593316,-0.05575066804885864
0.09761098120361567,0.1602520098288854,0.0023376444975534982,-0.3917638659477234
0.28230564296245575,-0.5616456369558971,0.06662100429336232,-0.026331331580877304
0.1072726920247078,-0.38693151871363324,0.26563087354103726,0.4011983200907707
-0.6857740506529808,0.05362247675657272,-0.6741940975189209,0.5736314505338669
0.22808808833360672,-0.098914735019207,0.2702355124056339,-0.06746933981776237
-0.010964076966047287,-0.15302920589844385,0.17912286954621473,0.2874360363930464
0.3457453325390816,0.024291517833868667,0.13401929785807926,-0.016489379107952118
-0.11631312593817711,-0.14746583253145218,0.4557604119181633,0.17982301115989685
0.06554335472173989,0.04221862554550171,-0.16341251134872437,-0.44482723250985146
-0.05633140727877617,0.19374856104453406,-0.042392161985238395,-0.012193173170089722
0.09855229407548904,0.006163122753302261,0.23564386864503223,-0.19317203760147095
-0.031221512705087662,0.17750359947482744,-0.5482300656537215,0.5733978860080242
0.37341273576021194,0.16523807123303413,-0.13556571677327156,-0.2260265126824379
-0.6089802384376526,0.18412274153282246,-0.05350185961772998,-0.22133957594633102
0.4583640284836292,-0.39218804612755775,0.6581201553344727,-0.22381727397441864
0.04009395092725754,0.12679757674535116,0.40564773666361964,-0.20911438204348087
-0.11295920051634312,0.05871247686445713,0.48270096629858017,-0.7810282856225967
0.034916944801807404,0.3375741386165222,-0.17139695522685847,0.17087842151522636
-0.37289900705218315,-0.16409729545315108,0.44172194351752603,-0.5307479072362185
-0.45718326419591904,-0.09078872203826904,-0.2570454627275467,0.5931078121066093
0.11049005016684532,-0.28957560161749524,-0.12451072161396343,0.29875440895557404
0.0420658765360713,0.33581405878067017,0.22244616970419884,-0.5928820408880711
0.5222199410200119,0.006648510694503784,-0.6123222410678864,0.17228276282548904
0.12310414761304855,0.009940822919209807,0.014957415560881288,0.10147066414356232
0.19342418387532234,0.022120227416356386,0.06044105316201848,-0.4166269041597843
-0.15937359258532524,-0.11346362282832463,0.03390434881051381,0.27775561809539795
-0.9363318085670471,0.3896833236018816,-0.22192354748646417,0.8550941050052643
-0.1203593984246254,0.27905730406443274,-0.017181261132160813,0.44564076140522957
-0.6835009604692459,0.3268005413313707,-0.02071908985575041,0.00014594942331314087
0.04470990691334009,0.006580030235151451,0.28277287383874256,-0.23641152679920197
0.18120557069778442,-0.43202746162811917,-0.6525683229168256,0.6301305443048477
0.06627798080444336,-0.19897076239188513,-0.15939870725075403,0.15243890136480331
0.6757773645222187,-0.17861620585123697,0.04928394655386606,0.1991189904510975
-0.638926237821579,0.27260640015204746,-0.2926819895704587,0.6229024082422256
0.36588583141565323,-0.6186661000053088,0.5716233185182015,-0.27944610826671124
-0.29500704258680344,-0.02863598863283793,-0.2750452434023221,0.54769566655159
-0.09230044484138489,-0.32660554349422455,0.019001781940460205,-0.06635764054954052
-0.25506449304521084,0.42142894119024277,-0.7250470593571663,0.3958180099725723
0.26301939226686954,-0.1806721289952596,0.5794688214858373,-0.8597375378012657
-0.24028326570987701,0.2772604376077652,-0.2117636352777481,0.04830574989318848
-0.04191458225250244,-0.1326181242863337,0.37141799430052436,0.03423280641436577
0.4370838403701782,-0.43391739080349606,-0.06980310132106145,-0.14904053509235382
-0.09084764868021011,-0.263814109377563,0.1387889413163066,-0.12896373122930527
-0.27612389996647835,-0.23981060211857158,0.41942749669154483,-0.0598490871489048
0.12961222790181637,-0.09849278566737969,-0.2374228263894717,0.5020132586359978
-0.32584373280406,-0.17372539763649303,-0.114548413703839,0.46667200699448586
-0.18855579383671284,0.09406264716138442,0.017819966810444995,-0.29303355515003204
0.0187542624771595,0.09203188742200534,0.06488343824942906,0.19205737113952637
-0.09579700231552124,0.1399258052309354,-0.6713210766514143,0.5927625708281994
1.005345195531845,-0.11716058353583017,0.08166205013791719,-0.2410946749150753
0.08708082884550095,-0.06641908486684163,0.27354421218236286,-0.4292563199996948
0.5940738134086132,-0.051138735065857574,-0.09493164562930663,-0.23656424041837454
0.39339694380760193,0.14751288729409376,-0.812788729245464,0.21515481919050217
-0.22490079328417778,0.0021037074426809924,-0.4366602847973506,0.9466504752635956
0.1524249566718936,0.05413415500273307,0.1905962775150935,0.05776303447782993
0.21029032766819,0.07861761252085367,-0.29373166958491004,0.16916540265083313
0.35576798766851425,-0.3963131631414096,0.19655720020333928,-0.30978579446673393
0.1502595916390419,-0.7288404007752737,0.8797725525995096,0.6380624435842037
-0.9132775440812111,-0.6405507773160934,0.2806844227015972,-0.5913613997399807
0.0007975511252880096,-0.06048452605803808,0.6644767646988233,-0.4009093679487705
-0.28863105922937393,-0.34717779358228046,0.47788555671771366,-0.36592697352170944
-0.10837545990943909,0.2649925872683525,0.032144948840141296,-0.4027434512972832
-0.1494440697133541,0.08396641910076141,0.07202032208442688,0.1815558522939682
-0.16140154004096985,-0.11922834316889447,0.6116836840907733,0.13395698368549347
-0.029021484777331352,0.04278436613579591,0.504667858282725,-0.645871214568615
-0.3364691436290741,0.05803918093442917,-0.6784492805600166,0.408370915800333
-0.34029132034629583,-0.0340010995666186,-0.34648473498721916,0.447788642719388
-0.1772628277540207,0.23838051408529282,0.10555853694677353,-0.38479602336883545
-0.25496791303157806,0.0402200830479463,-0.06674464171131453,0.4256979152560234
0.10568597726523876,0.0554615780711174,0.4486006200313568,-0.5134891429916024
0.14432351663708687,-0.26882676283518475,0.37152714530626935,-1.1625813245773315
-0.5289234146475792,0.7572599928826094,-0.951588137075305,1.0949480533599854
-0.17502950504422188,-0.1698492007950942,0.056015609453121826,0.27712294459342957
0.25686126481741667,0.2184166784087817,-0.1974445755283038,-0.10038424283266068
-0.2384114507585764,0.22130853434403738,-0.06773529698451361,0.0341264083981514
0.360492043197155,-0.18427858501672745,0.14064645394682884,-0.5062288604676723
-0.20653808861970901,0.5054664636651675,1.016606864829858,-1.1798384189605713
0.5094976425170898,-0.13576647328833738,0.21736431556443372,-0.03570551425218582
0.17893286049365997,-0.41225610797603923,0.150005051245292,-0.08585575595498085
-0.45527657121419907,0.016234678526719407,0.14418450991312665,-0.18571586906909943
0.16701920330524445,0.18499845266342163,-0.2701275711879134,0.07404812704771757
-0.014681883156299591,0.2851821780204773,-0.257490586489439,0.16122510470449924
-0.22213159501552582,0.18900206747154394,0.01129656968017419,-0.1140487790107727
-0.31976405158638954,-0.11584529901544253,0.19283701727787655,0.08389617502689362
-0.47604438848793507,0.5030975602567196,-0.5511744879186153,0.645060664974153
-0.00408482551574707,-0.15880239568650723,-0.37267073430120945,0.8897624313831329
-0.1461002193391323,0.14546634008487064,0.22972543785969418,-0.43099990487098694
-0.7013267539441586,0.733794399847587,-0.8818996151288351,-0.2512603774666786
0.37304156366735697,-0.14767027677347264,0.42979209062953794,-0.9670345336198807
-0.18384603410959244,0.4513519083460172,-0.4155046095450719,0.44980813935399055
0.5193694978952408,-0.6381467953324318,0.551411334425211,-0.5194367952644825
0.49613818526268005,-0.18936761220296225,-0.2882650146881739,0.21324317157268524
0.2818068563938141,-0.30678174272179604,-0.17508381232619286,0.1906096190214157
-0.0739397220313549,0.08903135235110918,0.2690993969639142,-0.5980046465992928
-0.16212256252765656,0.015361497178673744,0.25218132324516773,-0.3812222327105701
-0.4100881926715374,-0.023395836353302002,0.03515079617500305,0.48219306766986847
-0.4169234223663807,0.21226822833220166,-0.4314405197898547,0.36564947105944157
-0.39876285195350647,-0.3332927251855532,0.6819997156659762,0.012942921370267868
-0.4908011108636856,-0.036496742938955634,-0.01982789548734823,0.23371922224760056
-0.36368098855018616,0.23351451071600118,-1.0256180098901193,1.5654640644788742
0.47986674308776855,0.1557829255859057,0.4805429552992185,-0.8089711964130402
0.23119971714913845,0.006040937577684721,0.5211238960425059,-0.645346138626337
0.2947375141084194,-0.12421980624397595,0.4581892055769761,-0.07484722509980202
-0.4304339662194252,0.41271084795395535,-0.05797864745060605,-0.19342400133609772
-0.1541580818593502,-0.059099315355221435,0.144550825158755,0.5173490643501282
-0.3894559070467949,0.3253739724556605,-2.0128552789489427,2.8840209245681763
0.23983531817793846,0.2319013476371765,0.10678154230117798,-0.6289509236812592
0.03432622179389,0.22551598399877548,-0.05275533348321915,-0.16677779331803322
-0.038349553709849715,-0.1354522620482991,0.4395473233113686,0.0017631985247135162
-0.16123387217521667,-0.01779523491859436,-0.06406497955322266,0.24471218883991241
-0.5030970294028521,0.1528063602745533,0.46980496495962143,-0.07244570553302765
-0.19257867336273193,0.20755004386107126,-0.1269440824786822,0.12666625529527664
0.021914280951023102,0.23549602180719376,-0.5437880530953407,0.9419968128204346
-0.17761767329648137,0.613888792693615,-0.6510821767151356,-0.18523484095931053
-0.12004431523382664,-0.055792439108093575,0.0462312971552213,0.46212218329310417
0.11979599297046661,0.276216725508372,-0.8794300432006519,0.5743450373411179
0.09667890518903732,0.060559621701637895,-0.21160715694228807,1.2171446084976196
-0.555187676101923,-0.2289678119122982,-0.23812046647071838,0.31230200454592705
0.22739344835281372,-0.10956275214751562,0.896984321375688,-0.9189373552799225
0.3976774141192436,0.0014543154587348256,0.20981131369868916,-0.2983643691986799
0.2088969610631466,0.03977477798859278,0.21394023423393568,-0.5908295027911663
-0.15507468581199646,0.3104539259026448,0.1398160078873237,-0.03663795813918114
-0.33439379930496216,0.19251782447099686,0.36587803810834885,-0.09466851502656937
-0.04673101752996445,0.34796318287650746,-0.15828582520286244,0.04596618190407753
0.024600744247436523,-0.09328072021404903,-0.12208598603804906,0.2689588591456413
0.06188736855983734,-0.25127292921145755,0.2659561013182004,-0.5789323300123215
-0.39911405369639397,0.1537125806013743,-0.7264530199269453,0.6055410578846931
-0.37671370804309845,-0.056422741152346134,0.15415082965046167,-0.06318873167037964
-0.132343091070652,0.26338200209041435,0.0536274245629708,-0.6222122982144356
0.6417682319879532,-0.3254522234201431,0.7037668395787477,-0.30359226651489735
0.08331485837697983,0.13683713972568512,0.11337145417928696,-0.22707440331578255
-0.18611018359661102,0.3503017673889796,0.6093916048606236,-1.1798197254538536
-0.17108717933297157,0.045618378867705665,0.0063590432206789655,0.040996700525283813
0.17402569949626923,0.05498718221982321,-0.217283354451259,0.4352032355964184
-0.41804156452417374,-0.013993396113316216,-0.06320033346613249,0.28963168151676655
0.11243126541376114,0.23314558217922848,-0.13058205197254819,0.0647508054971695
0.15769098699092865,-0.20203224072853723,-0.5569172923763593,0.31812040507793427
-0.1571732833981514,-0.19956272343794504,0.18431700641910234,-0.12540342286229134
0.4456678628921509,0.1481107125679652,-0.5687169680992763,-0.2239166647195816
-0.4649847708642483,0.3531957231462002,-0.5388989895582199,0.6982926428318024
-0.015515431761741638,-0.2113822524746259,0.6543797453244526,-1.0403107106685638
0.036674290895462036,0.332502156496048,0.26162637770175934,-0.6927389800548553
-0.6213782429695129,-0.005005811651547745,0.914630596836408,-0.9052353948354721
-0.2340179905295372,0.5200021515289942,-0.43533359530071414,-0.30699712596833706
0.05684065818786621,0.21884639374911785,0.3030622620135546,-1.0371134132146835
0.005187938921153545,0.17551466201742488,0.1794476645688216,-0.4021535627543926
-0.6796348243951797,0.250366193552812,-0.8284867679079374,1.1587312668561935
0.2521473467350006,0.09565024015804131,0.18358132305244607,-0.8050530254840851
0.09664349257946014,-0.364957536260287,0.024313783893982588,0.2810256667435169
0.005517229437828064,-0.15079624826709428,0.6943418073157469,-0.5135409664362669
0.5682622715830803,0.0952918181816737,-0.2759643519918124,-0.3347181901335716
-0.47736114263534546,1.0483551720778148,-1.6150156954924266,0.8284065127372742
-0.0712591465562582,0.02248576283454895,-0.07654816657304764,0.44493377208709717
-0.7174575924873352,0.15745470921198526,0.08091975500186284,0.5617199316620827
-0.74846962839365,0.6621130456527073,-0.2926497546335061,-0.5115191005170345
-0.3709036484360695,0.3102758799990018,-0.6118419853349526,0.4798762518912554
-0.014774531126022339,-0.10149439672629038,0.07446655134359995,-0.14371070265769958
-0.1916312463581562,-0.2628059263030688,0.4904002385834853,-0.1230081059038639
0.3791658952832222,0.069147360821565,0.22420255156854788,-0.8923324700444937
-0.11121869459748268,0.009606804698705673,0.10082375817000866,0.35267489589750767
0.08017449826002121,0.6253183980782826,-0.1911081572373708,-0.18494170624762774
0.28614941239356995,0.015402843554814638,-0.16247716297705966,-0.1667913105338812
0.024540468584746122,-0.32014477004607517,0.13265042876203853,0.24203335866332054
0.11778637021780014,-0.044050961422423526,-0.3359927947943409,0.5145475305616856
-0.2454153262078762,-0.4184350470701853,0.521321288930873,-0.6559396358206868
-0.32660474069416523,0.363367988417546,-0.573805886010329,-0.050880156457424164
-0.13018124923110008,-0.03668479124704996,-0.012143408258756011,-0.43692776560783386
-0.15372417122125626,-0.24967525402704877,0.24415848186860484,-0.32178233098238707
0.03464017063379288,0.3540619363387426,-0.9564265658458074,0.2641296721994877
0.2575942426919937,-0.07129716376463571,0.10401038328806558,-0.30076882988214493
-0.8834068737924099,0.20147878428300223,0.6130796621243159,-0.14034023880958557
0.025153005495667458,-0.14185122773051262,-0.01588403433561325,-0.2198905646800995
0.2066446989774704,-0.028434957067171737,0.4975956193326662,-0.2864811506588012
-0.012503761798143387,0.2074667066335678,0.22759665455669165,-0.7160612782463431
0.007467182353138924,0.13546460308134556,-0.006617975886911154,-0.43431236455217004
0.10442230105400085,0.33038733682284754,0.1622604525958498,-0.4823053330183029
0.11662240326404572,0.4157412126660347,-0.49394289404153824,0.790720522403717
0.3525817468762398,-0.20492591957251233,-0.3868730639417966,0.5501594161614776
-0.2065645009279251,0.0882616216937701,-0.01774302373329799,0.5777438264340162
-0.2503190003335476,0.10811763629317284,0.2092934548854828,-0.26246916502714157
-0.6843947619199753,0.5080179671446483,-0.5226749430100124,0.7810032069683075
-0.257355366833508,0.2764440185079972,-0.04553256059686345,-0.1855587624013424
-0.7786197662353516,0.2572183609008789,-0.315743088722229,0.7854630798101425
-0.1746649406850338,-0.05476649850606918,0.2418932318687439,-0.008431687951087952
0.7514831684529781,-0.005888329197963081,-0.5861176500717798,0.35883206129074097
0.03387802839279175,0.03791439036528269,0.3647277106841405,-0.6694955602288246
-0.11142538115382195,-0.2491710999359687,-0.33226203608016175,0.4144703224301338
-0.2791340537369251,-0.012466819336016975,-0.2669563392798106,0.3035258315503597
0.014003773219883442,0.4754734017575781,-0.02434247980515164,-0.4369806498289108
0.20690788328647614,0.29084541896979016,-0.36833683649698895,-0.22296178340911865
0.5219565331935883,-0.2726015609999498,0.1243318592508634,-0.2659180052578449
-0.3916911920532584,-0.19558175994704166,0.11760450402895609,0.080963134765625
0.27850276604294777,0.2161999580760797,-0.5468312924106916,0.07280309312045574
-0.005995128303766251,0.11204417794942856,0.09675556421279907,-0.8163999170064926
-0.343736857175827,0.06723081568876903,-0.029957404981056854,0.6034406386315823
-0.10134914517402649,0.10795183231433234,-0.023306076725323997,-0.30613622814416885
0.23094625398516655,0.304037536183993,-0.20229060451189676,0.08967579901218414
0.2746925503015518,-0.44378623118003213,0.5640195173521837,-0.09593481197953224
-0.2434862181544304,0.27866484721501666,-0.026426866495360933,0.08844222547486424
-0.5100051388144493,0.07160636534293492,0.13388674209515253,-0.2777327820658684
0.11740846931934357,0.34147002672155696,-0.416955662270387,0.2658843547105789
-0.16522792726755142,-0.27019241948922473,0.8490807314713795,-0.23262956738471985
0.2428097128868103,0.23518302539984387,-0.34018484751383465,0.6102189123630524
-0.07433883473277092,0.038197002063194915,-0.1215276966492335,0.018166249617934227
-0.07169472798705101,-0.13725825399160385,0.36848824098706245,0.13259823247790337
0.44523083232343197,-0.037100616221626595,0.505972029020389,-0.924554567784071
0.5195605158805847,-0.09225776543219885,-1.0252826685706775,0.7969430238008499
0.5030749998986721,-0.006312234948078796,0.3360691616932551,-0.6828175559639931
0.26616188138723373,-0.03563855340083441,0.3772943069537481,-0.23155341297388077
-0.059516651555895805,0.25518424001832807,-0.06838862722118697,-0.5020794998854399
0.4399935454130173,0.39817480122049653,0.12596297884980837,-0.21869898214936256
0.15858334675431252,-0.40083351358771324,-2.2694466710090637,1.7350230813026428
-0.21811094880104065,-0.0026148545245329446,-0.4780500990649065,0.588981032371521
-0.3113965168595314,0.3697456965843836,-0.4469057644406954,0.6678339391946793
-0.11501071229577065,-0.005439293260375649,-0.0686950565626224,0.31537144631147385
-0.4312499910593033,-0.16674518150587875,0.24766858232518035,-0.08953496813774109
-0.8223320543766022,0.38025278225541115,-0.21440922282636166,0.5638063307851553
-0.2867579758167267,-0.3512180137137572,-0.23587337260444957,0.4708261787891388
-0.14928948506712914,-0.2933554848035177,0.5317607124646505,-0.3301665931940079
-0.27884507179260254,0.16988875468571982,-0.19259720047314963,0.4281938262283802
0.6619894318282604,-0.23398528123895326,0.17464045683542886,-0.4663794990628958
0.1947510838508606,0.11422453634440899,-0.24567206017673016,-0.1609557680785656
-0.6446073353290558,0.30517809092998505,-0.45664019882678986,0.38703253120183945
-0.3160906210541725,0.12305491665999095,0.052718346317609154,0.07939595729112625
-0.09967292845249176,0.025342794756094612,-0.06731545428435008,0.1653548777103424
-0.2330629527568817,-0.2188704969982306,0.5189198019603888,-0.540409829467535
-0.051624856889247894,0.3353002568085989,-0.3897236486275991,-0.2692737430334091
-0.43922416120767593,0.26868241528669995,0.3386262183388074,-0.38063645362854004
-0.23214320838451385,0.22981285055478412,-0.44066741069157916,1.0552556216716766
-0.04235450178384781,0.04573539892832437,-0.5346368352572123,0.12953985668718815
0.9701770395040512,0.0005109303941329135,0.7710210687170427,-0.9498355248942971
-0.19621329940855503,0.10229376082619032,-0.16133431841929755,0.3723824694752693
-0.08563987910747528,0.15261947984496751,-0.2501428301135699,-0.16349701955914497
-0.2678578197956085,0.1013326346874237,-0.12400614097714424,0.2474063653498888
-0.2224721871316433,-0.5840685715277989,0.5756447458018858,-0.43842132575809956
-0.5956920236349106,0.048606857657432556,-0.006013765931129456,-0.24688506126403809
0.5559209510684013,0.06938291837771733,0.013021739820639297,-0.06521402299404144
0.30302755534648895,0.020897140105565384,0.4799665982524554,-0.2621956579387188
-0.2187182754278183,-0.19392816722393036,0.5114583447575569,0.12253930419683456
-0.5166110470890999,-0.1416618935763836,0.9410076923668385,-0.6891661807894707
0.8712017200887203,-0.6057290943960348,-0.09777319928010308,-0.34339606761932373
0.22191468998789787,0.29193826074091095,-0.1769404230484118,0.11667631566524506
0.4864824488759041,-0.3210391476750374,-0.3214987516403198,0.232650488615036
-0.12099932134151459,-0.22512408594290417,0.5854780624310176,-0.07871592044830322
-0.8370992541313171,0.757380931948622,0.026758567119638144,-0.3671578913927078
-0.3171466998755932,0.11497727284828822,-0.1428919943670432,0.14454219862818718
-0.08531542401760817,0.006319954991340637,-0.14089347422122955,0.3472237214446068
-0.13082439079880714,-0.15307204549511275,-0.11986221993962923,0.07884911634027958
-0.4683542549610138,0.5298247411847115,-0.23245564103126526,0.3469221889972687
-0.6335025988519192,0.265434176971515,0.07077717284361523,-0.18024536967277527
-0.06167685240507126,0.44796847489972913,-0.041294343148668616,-0.21173600852489471
-0.385234959423542,0.23418032377958298,-0.09009288251399994,-0.23090937361121178
-0.00212053582072258,0.17194566751519838,-0.25522350023190177,0.06312931142747402
-0.04697295278310776,0.41590026021003723,0.6355724390596151,-0.7251399736851454
0.25251479819417,0.27127961069345474,0.01368122547864914,0.04921659827232361
-0.2854022979736328,0.3111786072452863,-0.0548321728905042,-0.4097410887479782
-0.18504982814192772,0.03467322885990143,-0.3331199660897255,0.19016433507204056
-0.13570639863610268,-0.00044180576999982256,-0.36087284485499066,0.1181793212890625
-0.22996556013822556,-0.20173549155394238,-0.07044003655513127,-0.046367347240448
-0.3037624843418598,0.11596102391680083,-0.7256868494053682,0.9976569563150406
0.4099665926769376,-0.3145929239690304,0.2092534825205803,0.13154573366045952
-0.056018929928541183,0.29352976009249687,-0.5497339740395546,0.13288415223360062
0.1895696297287941,0.011014764352391168,0.24746887649719912,-0.15559157729148865
-0.15266887284815311,-0.11516757309436798,0.6054217964410782,0.14430807530879974
-0.35353229381144047,0.135305634389321,0.8010082704325517,-0.6305813603103161
-0.9110949635505676,-0.7014443601171175,0.9206326442460219,-0.6255189795047045
0.08354521542787552,-0.37481131466726464,-0.06703888935347396,0.4831998832523823
0.22758453711867332,-0.010736852884292603,0.35502589121460915,-0.49680106341838837
0.3775334730744362,0.24879555714627105,0.45479297327498597,-1.4366668611764908
0.2104431688785553,0.131486805776755,-0.16764809067050615,-0.024708081036806107
0.5180522352457047,-0.19651882722973824,0.25369830057024956,0.06043442338705063
0.017171218991279602,0.1233615254362424,0.23016726473967236,-0.6202211156487465
0.06869955733418465,-0.40430777768294013,0.4344121652344862,-0.2678827978670597
0.1935492604970932,-0.022779646019140884,0.025438676277796432,0.1704609915614128
-0.10380822420120239,0.14094112704818448,0.6770329486268262,-0.10090990364551544
0.5512183234095573,-0.15264560282230377,-0.11561745405197144,0.2992571722716093
-0.39059047400951385,-0.15792047542830306,0.2299125374605258,-0.23277205228805542
-0.07929595559835434,0.27728576213121414,0.022695839405059814,0.19890916347503662
-0.24614204093813896,0.22941084764897823,0.17500928230583668,-0.8977567106485367
-0.6848150976002216,0.17250127904117107,0.9647011775523424,-1.598640039563179
-0.1451597698032856,-0.1858238192896048,0.2742211396495501,0.23534828424453735
0.041999951004981995,-0.002906801799933117,0.5919679428140322,-0.3575787991285324
1.2721437364816666,-0.09297336886326471,-0.01634451871116957,-0.6191015504300594
0.02421589195728302,-0.2514141673843066,-0.17341974874337512,0.3788383975625038
-0.4474920704960823,0.13448981444040936,0.30763917540510494,-0.22967196628451347
-0.3190953517332673,0.3895089228947957,0.20404852430025738,-0.22618664056062698
0.09557987749576569,0.16392742097377777,0.4569809287786484,-0.3342589996755123
0.9213996976613998,0.14668576419353485,-0.14624246209859848,-0.21440820023417473
-0.1756649911403656,-0.4316472423573335,0.10188303825755912,0.12991696409881115
0.5298629105091095,0.10309582948684692,-0.6934392722323537,0.5667323907837272
-0.6939969658851624,0.16483473032712936,-0.2902325168251991,0.016706660389900208
-0.3636474087834358,0.04533967127402623,0.08975636462370555,0.18031718209385872
1.1010847464203835,-0.041268306473890945,0.3847914735476176,-1.0406762138009071
0.17225255072116852,0.2935770352681478,-0.26784293850262963,-0.040319450199604034
-0.19143451564013958,0.3965691377719244,-0.370311309893926,0.17641973495483398
-0.04830554872751236,-0.19382761729260284,-0.11529754536847275,-0.08199054002761841
0.1794988086912781,0.1823047399520874,-0.30146805197000504,-0.14946163445711136
0.40567266941070557,0.4598697101076444,-0.3064708312352498,-0.5814238414168358
-0.11251351237297058,-0.172535240650177,0.04284491389989853,0.33731865137815475
-0.052011026069521904,-0.33713210870822274,-1.183230588833491,1.3877272307872772
0.10206654295325279,0.05272800102829933,-0.316300880163908,0.6838375441730022
0.056753553450107574,-0.5144988025228182,0.8685612554351488,-0.22764618694782257
0.6855496019124985,-0.4463477159539858,-0.021760554363330215,-0.24944792315363884
-0.3954290300607681,-0.45170366515715915,0.6733788227041562,0.12855017185211182
-0.24700376391410828,0.017127782106399536,-0.07069340813905,-0.04890462290495634
-0.5164485350251198,0.14613746603329977,-0.12823020418485007,-0.13811689615249634
-0.5998026430606842,0.41495270033677417,-0.2878883903225263,-0.03487437218427658
0.014366455376148224,0.1728038291136424,-0.5393530825773876,0.8347564339637756
-0.14647367596626282,-0.6719556624690691,0.5527814055482546,-0.6364915519952774
-0.17970967292785645,0.48226594148824614,0.026024215233822645,0.04039362072944641
0.7417822815477848,-0.0010558851063251495,-0.09465844929218292,0.1338459700345993
0.08876251429319382,-0.10691129664580026,0.4472245300809542,-0.46208934765309095
0.4532497152686119,-0.048148854325215026,0.053331351528565094,-0.1126440092921257
-0.7132236734032631,0.016920712466041238,-0.04553034963707128,0.21218781545758247
0.851175170391798,-0.7286698085566362,0.5392030154665312,-0.9446605816483498
0.13527271151542664,0.23382664223512015,0.43608563641707104,-0.187041275203228
-0.5186578258872032,-0.11312298476696014,0.5456319935619831,-0.48333175852894783
-0.4036724120378494,-0.025110363960266113,0.5549495220184326,-0.1473039984703064
-0.07784857414662838,-0.26283512699107325,-0.06941216190656027,0.7293156385421753
-0.22634944692254066,0.352993905544281,-0.44901982694864273,0.02974826470017433
0.24987152591347694,0.18870214124520618,-0.08314677079518634,-0.44642189145088196
-0.06031271070241928,-0.04644957122703393,-0.3519626713047425,0.707698717713356
-0.15254465490579605,0.17871636152267456,0.10142052918672562,-0.2192876636981964
0.7267432808876038,-0.32095952704548836,0.03421089192852378,0.15533191757276654
-0.7179926224052906,0.37942416096727055,-0.09280796597401303,0.7977925390005112
-0.6360020395368338,0.05830862186849117,0.11860089004039764,0.18198063969612122
-0.2510891603305936,0.2072688660894831,0.046208585302035005,-0.2765297591686249
0.005600603297352791,0.06352981614569823,0.08484636371334393,-0.1406521163880825
0.4488329067826271,-0.44583434114853543,0.1825420695046584,0.41182657703757286
0.10649775713682175,0.3126277948419253,-0.26813408980766934,0.19715911895036697
0.9288872182369232,-0.21645414332548776,0.039923491577307374,-0.4162091873586178
0.325254138559103,-0.08554979662100475,-0.47321565200885135,-0.038647182285785675
-0.0935995951294899,0.28817278395096463,-0.6263277555505435,0.6639538332819939
-0.18773164600133896,0.02550242592891057,-0.381703178708752,0.60246785543859
1.0365184545516968,-0.5899173518021902,0.7853929897149404,-0.5996672809123993
0.19811050966382027,0.14319380869468054,0.22177808980147043,-0.20949771255254745
0.29674556851387024,-0.23671829203764597,-0.2858814721306165,0.44942567124962807
-0.3159382645972073,-0.13292716443538666,0.8038791790604591,-0.1982574127614498
0.6270010489970446,-0.6714908878008525,0.5824406171838443,-0.33379238098859787
0.35144138894975185,-0.2899627418567737,0.19187755634387332,0.6047627776861191
-0.41164178028702736,0.16786851237217584,0.5696970981856188,-0.9619794227182865
0.4943276531994343,0.015900553514560066,0.11488528052965799,0.1768265664577484
0.39505063742399216,-0.30152761936187744,0.43437109887599945,-0.4538967162370682
-0.2721024751663208,0.26429769148429233,-0.6805695866545042,0.7440765723586082
-0.12761138286441565,-0.13702706216524044,0.07004021915296713,0.13875144533813
-0.08104487508535385,-0.16607312361399335,0.8450342963139216,-1.4946600114926696
0.3367491662502289,-0.14217268054684,0.5044964117308458,-0.691859494894743
-0.37046635150909424,0.36063214763998985,0.5666864849627018,-0.4665299765765667
0.23859437555074692,0.1044707347949346,-0.002554872383673995,0.037252772599458694
-0.7145448476076126,-0.2333180358012517,0.028616068263848618,0.16467996686697006
-0.10430358909070492,0.3026749777297179,-0.28996548677484196,-0.02928234077990055
-0.7705239057540894,0.46983811507622397,-0.5797334785262743,1.5261924117803574
0.036200836300849915,0.13515954340497652,0.05769127731521925,-0.2815771857276559
-0.4770226925611496,0.1248885840177536,0.2857549786567688,0.03030303865671158
0.42297760397195816,-0.2874613578120867,0.9335003445545832,-1.3487818241119385
-0.6238652542233467,0.2243536338210106,0.24817758798599243,0.21001683175563812
0.07727200537919998,-0.1924512212475141,0.268936683734258,-0.13239600509405136
0.14063221868127584,0.020667160550753277,-0.19524172941843668,0.011682942509651184
-0.40866246819496155,0.17383571962515515,0.015637894471486405,-0.790695309638977
0.051662661135196686,-0.07803595066070557,-0.16322241723537445,0.5440451353788376
-0.6936449483036995,0.2721913928786913,-0.2891780982414881,0.10129846632480621
-0.5735477730631828,0.03976994628707567,-0.11204071591297785,0.5865307934582233
0.10257384926080704,0.29328950742880505,-0.26177507142225903,-0.3278833031654358
-0.07497977837920189,-0.015174357841412231,0.38147275770703953,-0.024319913238286972
0.9918558970093727,-0.37042346472541493,-0.25860301529367763,0.3984587490558624
0.13008585758507252,-0.3653637655079365,-0.06260444410145283,0.22755351476371288
0.3573206514120102,0.1685429960489273,-0.3063313439488411,0.3441549949347973
-0.04727764427661896,-0.2679359242320061,0.4216148890554905,-0.134961050003767
-0.5207451060414314,0.511766791343689,-0.4763839840888977,0.25342367589473724
0.14885498210787773,0.2928221747279167,-0.1776583269238472,-0.19080263376235962
-0.49659155681729317,0.19994459177056947,-0.2558185781041781,0.2140951082110405
-0.1608739448711276,0.15166159719228745,0.2810375839471817,-1.0112671107053757
0.05736182630062103,0.027059459437926613,-0.24665460859735808,0.5214812085032463
0.2961437255144119,0.1504488562544187,0.38191429028908414,-0.5029461979866028
0.14381107687950134,0.38377546332776546,-0.19179665483534336,0.21682320907711983
0.47139492630958557,0.0657099038362503,0.519184298813343,-0.05518251284956932
0.06789256818592548,0.30511438225706417,0.7246610174576442,-1.0698083881288767
-0.09164945036172867,0.33547299106915796,-0.04290381570657095,-0.17043951898813248
-1.3972792029380798,0.8496173496047655,-0.16722873846689856,0.008937567472457886
-0.32980429008603096,-0.12972526003917056,0.4542304476102193,-0.037502992898225784
0.25278157740831375,0.1477886050318678,-0.29401851290216047,0.4706682488322258
-0.3230138123035431,-0.05129671717683475,0.29526689896980923,0.19107862934470177
0.027306009083986282,-0.16634585708379745,-0.49170350283384323,0.9379353821277618
0.43283718079328537,-0.03251280138889949,0.9031965235869089,-1.1116041466593742
0.1480470560491085,-0.09825805574655533,0.4762842580676079,-0.3197672814130783
0.15110987424850464,0.3084441125392914,-0.36998023837804794,0.29661513678729534
-0.1331678032875061,0.11915584156910579,-0.955402302245299,1.3793940618634224
-0.29247620701789856,0.15684542804956436,-0.1730436310172081,0.6501672267913818
-0.5543903056532145,0.2751610204577446,0.3079637810587883,-0.12262997776269913
-0.4432757496833801,0.5418367013335228,-0.4875824712216854,-0.22491810098290443
0.5982762724161148,-0.37481430421272915,-0.03826972593863803,-0.1514352411031723
0.2123447135090828,-0.010652634004751839,0.03540335843960444,-0.46790996193885803
0.5103043764829636,-0.2466992437839508,-0.08086267299950123,-0.20827130787074566
0.1423754319548607,0.28288959277172887,-0.25275175025065744,0.2691372949630022
-0.14866836369037628,-0.3118006189664205,0.8355319400628408,-0.5927174016833305
-0.3364275246858597,-0.38196012874444324,0.715730254848798,-0.4402279406785965
0.04923836141824722,-0.20551926301171383,-0.26375843367228907,-0.30256630294024944
0.23612746596336365,-0.3632992456356684,0.2782443339625994,-0.04106352850794792
-1.2362868189811707,0.9689333389202753,-0.9216464708248774,0.8616311252117157
0.24012555181980133,0.08218113581339517,-0.7245211998621622,-0.04636010527610779
-0.038092657923698425,0.08905152976512909,-0.11078243516385555,-0.3036684934049845
-0.5934305489063263,0.08271627624829611,-0.17912951608498892,0.004024475812911987
-0.01600772049278021,-0.4059045733883977,0.11977053619921207,0.7686727959662676
-0.24356414377689362,0.17898387710253397,-0.13827339063088098,0.09441334754228592
-0.774688258767128,-0.063721664249897,0.048514507710933685,0.42387937009334564
-0.1251379158347845,0.04039564480384192,0.6154122004906336,-0.7092820722609758
0.749409468844533,-0.09699705181022485,-0.6471580217281977,0.3047409802675247
0.05165536142885685,0.11200394170979658,-0.30235212917129195,0.7817828804254532
-0.19618670642375946,0.17619663135459024,-0.1486572440092762,0.2986200898885727
0.09530523419380188,-0.30314010878403985,0.5624309827884039,-0.779090441763401
-0.4935779422521591,-0.38905853778123856,0.09010390564799309,0.13980677351355553
-0.09561259672045708,0.17382608292003474,-0.10997473386426768,0.5488483756780624
0.4273626059293747,-0.11401305658121902,-0.08077497469882172,0.1972932443022728
0.43086622655391693,-0.08068331517279148,0.15927631594240665,-0.32064636051654816
0.2627147138118744,0.09502838055292764,0.09135985126097998,-0.10791319981217384
0.09221037290990353,0.03759664483368397,-0.5374828428030014,0.5184894278645515
0.004417866468429565,-0.4774842808643977,1.1905182550350826,-0.27123695611953735
0.5182968052104115,-0.11801910120993853,0.2585235610604286,-0.5110486969351768
-0.11409252882003784,-0.26698325822750724,-0.3442284589012464,0.7973710596561432
-0.5199067890644073,0.05034138634800911,-0.08057242631912231,-0.01569785550236702
-0.7864653021097183,0.036902493486801774,0.13002621506651243,-0.1701067090034485
0.21560484170913696,-0.060453131794929504,-0.02576538920402527,0.26891422271728516
-0.11861856281757355,0.22851537664731345,0.32050876567761105,-0.10790016502141953
-0.22888025641441345,0.36092806855837506,-0.25139618168274563,0.1115174163132906
-0.1301857829093933,-0.18661350632707277,0.10946715498963991,0.17798714898526669
0.0226479172706604,0.1549948851267497,-0.3433822343746821,0.16437527537345886
-0.5822864174842834,0.0975580302377542,-0.2796778467794259,0.12366680800914764
-0.105873703956604,-0.09530117114384967,0.16980986793835956,-0.004918918013572693
0.04485544562339783,0.090144415696462,0.37623763332764304,0.1557588316500187
-0.7582984566688538,0.10147949308156967,0.05571542680263519,-0.11814907100051641
0.2700051087886095,0.1300579613695542,-0.40447804580132163,0.6320448219776154
-0.2276388555765152,-0.010173377891381584,0.03834043194850286,0.042348816990852356
0.11941830068826675,0.31860554218292236,-0.6330832242965698,0.04855848848819733
-0.11863263137638569,0.42326083220541477,-0.8316433504223824,0.19774921145290136
-0.1979358047246933,0.31016700714826584,-0.7266213968396187,0.5540801919996738
-0.03886818885803223,-0.03740344693263372,-0.176260436574618,-0.03857256472110748
-0.034933142364025116,0.09964005152384442,0.10620527466138202,-0.08507642149925232
0.5502322018146515,-0.2364929566780726,0.0389890025059382,-0.3721897602081299
-0.0014913789927959442,0.11668875316778819,0.23323273037870726,0.038396816700696945
0.3647548779845238,0.018482973178227724,-0.5011583111093689,0.19297686056233943
0.21245896071195602,-0.38627801959713304,0.07547325020035109,0.2028592899441719
0.30329693853855133,0.06868653185665607,1.012201962992549,-1.724621132016182
1.8650036416947842,-1.1976352035999298,-1.6144099533557892,1.241624891757965
0.2640991508960724,0.14689148776233196,-0.291310197673738,-0.18959275912493467
-0.16922461707144976,-0.2014453625306487,0.3160805059596896,-0.6311128176748753
0.0496877022087574,0.31300345808267593,-0.09469414502382278,0.033376146107912064
-0.6775192469358444,0.4417223085959752,-0.4911138315995534,0.1987997516989708
-0.5672639608383179,0.2675707216064135,0.0562057284017404,-0.2039906196296215
0.086295485496521,-0.34890299042065936,0.13451384504636127,0.44417091831564903
-0.08617695420980453,-0.24477486312389374,0.5915182903409004,-0.5471565276384354
0.026008516550064087,0.2914307663838069,-0.23554959349955124,0.5320491413585842
0.4300888851284981,0.23590210328499478,0.010971111555894197,-0.1348137930035591
-0.43197013810276985,0.07365420212348302,-0.4720459406574567,0.6448114737868309
-0.28393846191465855,-0.20133231828610104,0.5200672845045725,-0.7403484396636486
0.4027857594192028,-0.37537623569369316,0.2618874926120043,-0.18498587422072887
0.3040548413991928,-0.05403622736533483,0.11331652229030928,-0.25734832510352135
-0.03726520389318466,-0.07916278888781865,0.2973475394149621,-0.15900455601513386
-0.41007325798273087,0.7659608398874601,-0.8510857674603661,0.9419837174937129
0.676908016204834,-0.13013724486033124,0.596360298494498,-0.09364234656095505
-0.5587337613105774,0.2767838438351949,0.27160820613304776,-0.1612867098301649
0.13040507212281227,0.25789832572142285,-0.1998489300409953,-0.24107510969042778
0.6055136322975159,-0.04025298605362576,1.0117535317937534,-1.0733237564563751
-0.23799587786197662,-0.1418483356634776,0.17659359673659009,-0.24100346863269806
0.3002770394086838,-0.22841623922189078,0.4572188792129358,0.23525572940707207
0.21769409626722336,0.40731300599873066,-0.18341314233839512,-0.08406711369752884
-0.5379665717482567,0.5856256112456322,-0.6027589337900281,0.4627732979133725
-0.7929692417383194,-0.2054896627863248,0.13679891576369602,0.4401259273290634
-0.2874097004532814,-0.30027915102740127,0.03206788313885528,0.5725727938115597
0.7484546899795532,-0.21560139457384744,0.1306231195727984,-0.3806391581892967
0.15257225930690765,0.01671668390432994,0.2284435083468755,-0.2368975132703781
-0.6134567856788635,0.3010706454515457,-0.6771825104951859,0.8397414088249207
0.1623269822448492,-0.10969929148753484,-0.0977494368950526,-0.2496708482503891
0.3203386068344116,0.013299301266670227,0.03129824250936508,-0.5691997930407524
0.7117821257561445,-0.6027177373568217,-0.035660778482755034,0.4960750639438629
0.04298669099807739,-0.2022001901641488,0.1402494916692376,-0.08592746779322624
-0.18077661842107773,0.32130328690012294,-0.1720157315333684,0.10755296051502228
-0.09417383372783661,-0.18838664392630258,-0.38724492986996967,0.6499841613695025
-0.20427558571100235,0.3471230169137319,-0.10007836421330768,-0.17710410058498383
0.030477650463581085,-0.13225051015615463,0.3057880848646164,-0.17204450070858002
0.40077031031250954,0.38201987619201344,-0.16550247992078465,-0.21521968487650156
-0.28189484775066376,0.17341692497332892,0.5435652031252781,-0.8670596051961184
-0.215269573032856,0.03891930853327116,0.01406709725658098,0.16429181396961212
0.03215724229812622,0.06462879478931427,0.034902170300483704,-0.19495566934347153
-0.14615348167717457,0.13416965554157892,-0.23967368031541506,-0.061633989214897156
0.25690627843141556,-0.06893523782491684,-0.25957926362752914,0.023649349808692932
-0.16841533035039902,-0.34177189444502193,0.7447259587546189,-0.41254647076129913
0.08226657100021839,0.18022477626800537,-0.2955896221101284,0.606661718338728
-0.4461157452315092,0.43165838221708935,-0.12977227071921033,0.4833184480667114
-0.01476343348622322,0.18149675149470568,-0.14163897279649973,0.07915249094367027
0.5497794449329376,-0.029059191544850677,0.029672277470429748,-0.48749880492687225
0.10618437826633453,0.0043309343357880725,0.11691307897369069,-0.10489587485790253
-0.008683424443006516,-0.1681286972016096,-0.14667688496410847,0.39726074039936066
0.35795983299613,-0.158588328709205,0.9414379832645258,-0.9695062004029751
0.2174142599105835,0.1738610764344533,0.6688460807005565,-1.0971335172653198
-0.5074395835399628,0.3578939735889435,-0.5067974254488945,0.5901012942194939
0.16686310432851315,-0.5798587401707966,0.5713849713404973,-0.8694250732660294
0.36130586080253124,-0.3767507461210092,0.596712773044904,-0.46054788678884506
-0.7549535855650902,-0.2881505476931731,1.2351942273477714,-0.9459254145622253
0.031180035322904587,0.3241207115352154,-0.6422159187495708,0.5076019335538149
-0.22560612857341766,0.6078157822291056,-0.17061587671438852,0.16060583293437958
-0.9880297482013702,1.168267964075009,-0.25026178235809016,-0.40735782496631145
-0.3088763691484928,0.288072148958842,0.08632925649484,0.20019753277301788
-0.38068482279777527,-0.09287777294715246,0.28978044291337335,-0.2218567654490471
-0.29497410356998444,0.462062306702137,-0.16292086988687515,0.4181898385286331
-0.021576693281531334,0.4548662230372429,0.15448849648237228,-0.41386711597442627
0.14081350713968277,0.6285939291119576,-0.7292188629508018,0.07199813798069954
-0.20989829301834106,0.11750878890355429,0.036292529354492814,0.29684823378920555
-0.5306472182273865,0.014768293748299272,0.6675268498559793,-0.18340964615345
0.4864581674337387,0.17016900827487308,-0.14228790750106174,-0.2712404802441597
-0.6617774367332458,0.37192577496171,0.08414676412940025,0.052044495940208435
-0.8203912153840065,-0.32102569192647934,0.5562645569443703,-0.29994072765111923
-0.08308379352092743,0.5152456959088643,-0.17041503203411895,-0.072226257994771
-0.28908831626176834,0.18332658459742862,-0.40859690432747203,0.8033701963722706
0.1746494211256504,0.03931218013167381,-0.1435561589896679,0.518944263458252
-1.117595136165619,1.0473099003235498,-0.6536299834648768,0.4564921259880066
-0.05435656011104584,-0.4657677573462327,-0.2587414967517058,0.4187769442796707
0.7590198516845703,-0.016219936311244965,-0.3477262035012245,0.29470107704401016
0.11884650588035583,0.3158590843280157,0.5839600215355555,-0.5170842111110687
-0.0740172853693366,-0.1100817456220587,-0.17056985075275105,0.3940641637891531
-0.9660685509443283,0.07039986302455266,0.24170337865749994,-0.45309649780392647
-0.7315832283347845,0.558369622255365,-0.49180235962073005,1.1705765128135681
-0.35272690653800964,0.27241062792018056,0.010259195696562529,0.008140144869685173
0.19780636951327324,-0.16192854444185892,0.22635109970966974,-0.22985271364450455
-0.031180843710899353,0.047727900246779115,-0.7603386963407198,0.5185142122209072
0.14744436368346214,-0.19722265129288039,0.08808205959697565,0.04194747097790241
0.3343811482191086,-0.30538233245412505,0.6695344957212607,-0.8842545337975025
-0.36938588321208954,-0.22006257871786752,0.2737468058864276,0.08239804208278656
-0.3119206801056862,0.22595980639259022,0.1465134558578332,-0.19880681857466698
-0.5523118153214455,0.0019692008694012983,0.3124842668573062,-0.2903061658143997
-0.43355560675263405,0.11407444874445596,0.3636067075033983,-0.23066899925470352
0.21121506579220295,0.04125370426724355,0.06327265159537394,-0.016428083181381226
0.37807268649339676,-0.20558468997478485,-0.49070458114147186,0.6981429755687714
-0.041163429617881775,-0.34002874543269473,0.38578865428765613,-0.43198784440755844
-0.08611996471881866,0.11499166985352835,-0.1825792913635572,0.003463868284597993
0.041505806148052216,0.033049529418349266,0.4617499765008688,-0.6225310917943716
0.18157362937927246,0.29739759427805745,-0.06099878934522471,-0.18706287816166878
-0.2156752571463585,0.17546287427345914,0.11238074799378713,0.20730622112751007
-0.13722285628318787,-0.041485791405041994,0.02264015500744182,0.4056914560496807
-0.34288208931684494,0.1287939871350924,-0.11856882895032564,-0.05617482587695122
-0.043537914752960205,0.7364233632882435,-0.19506370027860004,0.15308503061532974
-0.3436746895313263,0.02154463529586792,-0.674517959356308,0.6029155924916267
-0.5211388096213341,-0.11304660638173422,-0.05134642372528711,-0.08452212065458298
0.299923375248909,0.08312737072507541,-0.042603722463051476,0.25370775163173676
0.0028163939714431763,0.15306867907444638,0.038878229757149996,-0.23210418969392776
0.0631660483777523,0.23081271350383759,-0.539686307311058,0.002644222229719162
-0.2660134322941303,0.09290806700785956,0.24911105136076608,0.058660343289375305
-0.8666110038757324,0.31945474445819855,0.3432799428701401,0.5297132134437561
-0.16916843131184578,0.16797945896784466,-0.2874680484334628,0.21376656740903854
-0.1002286970615387,-0.2977028824388981,0.10860689543187618,-0.4921222198754549
-0.3363487422466278,-0.04265801981091499,0.08562551811337471,-0.012945849448442459
0.2926690839231014,-0.4640243711570899,0.04258508483568829,-0.2727190852165222
-0.17921291664242744,0.02987097824613253,-0.2931036564211051,0.2899942696094513
-0.1864685546606779,-0.03816247110565504,-0.4708627300957839,0.6839728988707066
-0.21189851313829422,0.04820529868205388,-0.12767737855513892,0.11808430403470993
0.3194360285997391,0.06633923823634783,-0.41946888590852416,0.3625139743089676
0.25480029359459877,0.41694291681051254,-0.0847071185708046,-0.24650488048791885
-0.035081736743450165,-0.295728641251723,0.7229062827924888,0.14964330568909645
0.19726841524243355,0.0795840012530486,-0.4022203820447127,-0.05196068249642849
-0.2848545275628567,0.13743143652876216,0.6489767308036486,-0.048619821667671204
0.2724405908957124,-0.11121358970801036,-0.36499303330977756,0.5922382734715939
-0.3215971291065216,0.1673959071437518,0.058739078541596726,0.15910284919664264
0.13963358104228973,0.11404740065336227,0.10560435801744461,-0.6268956065177917
-0.6242256052792072,0.19096247976024947,-0.0719348912437757,0.39615603536367416
0.03921478986740112,0.1173287183046341,-0.23653776571154594,-0.4714675582945347
-0.040456388145685196,-0.002718728346129254,-0.38934929265330237,0.3031742721796036
0.42764553613960743,-0.00346183218061924,-0.20413782447576523,0.32178553007543087
0.20369090512394905,0.15345105590919653,0.24000456867118677,-0.3403121717274189
0.28986281156539917,-0.4327065994342168,0.4167365183432897,-0.35697178542613983
0.5364670678973198,0.04938919097185135,-0.19725975394248962,-0.04600901156663895
0.07259398698806763,-0.1828923175732295,0.5843641596535842,-0.5533348955214024
0.11408077925443649,-0.1641545295715332,-0.23946483433246613,0.2167704477906227
0.4177406579256058,-0.2592223783334096,0.19617586707075438,0.03343534842133522
-0.6148533634841442,0.16140466680129367,-0.25623035182555515,0.500927671790123
-0.4731045626103878,0.04087114830811818,0.4484431842962901,0.15069954097270966
-0.5234025716781616,0.3261750439802805,0.3151985307534536,-0.7540728449821472
0.7238157689571381,-0.41645050048828125,-0.026412561535835266,0.3845265358686447
0.23994645848870277,0.08285850286483765,-0.3430061601102352,-0.16994400694966316
-0.32037017587572336,0.006646881500879914,0.6726337273915609,-0.2973722890019417
0.22575019299983978,0.6380441921452681,-0.5271006102363268,-0.02055451087653637
-0.400756623595953,0.12480741615096727,-0.5657545804666976,0.4611153774894774
0.3308865986764431,0.16606138522426286,0.029691004504760116,-0.06799839809536934
-0.04777984879910946,-0.24350322782993317,-0.9280771091580391,1.1423793882131577
0.2607910707592964,-0.37393047163883847,0.11544991905490558,0.35018743202090263
0.25361204147338867,-0.12055132786432902,0.30890412131945294,-0.5656193047761917
-0.2156662903726101,0.08309849289556344,0.11873176756004493,0.13632188364863396
0.009633868001401424,-0.5792424976825714,-0.120174340903759,0.20392397791147232
0.06196726858615875,0.29967006792624795,-0.9259784196813902,0.5659439787268639
0.14282552897930145,-0.523862970372041,0.10095540558298427,0.03526538610458374
-0.47737034410238266,-0.10553837443391481,0.07156136507789293,-0.026451814454048872
0.04150138795375824,0.5045857063184181,-0.8506758275131384,0.6627621278166771
0.011461217887699604,0.18304567287365597,-0.33547082046667737,0.37818334996700287
0.4979783445596695,-0.21257321288188297,-0.11411582181851071,0.19198966771364212
0.2127961665391922,0.15207026898860931,-0.58624467253685,0.09854996204376221
0.11002900125458837,0.19802945107221603,-0.20082150027155876,0.06457506492733955
0.11510150507092476,-0.06691780686378479,-0.46122685074806213,0.023345358669757843
-0.11103902757167816,0.17808332294225693,-0.23678260296583176,0.2683689370751381
-0.32748111337423325,0.03808137650291127,0.1360912298162778,-0.2105744145810604
-0.017311744391918182,0.19758048901955289,-0.2913267935315768,0.587720014154911
0.3939596191048622,-0.06801479185620943,-0.6833985385795435,0.831087090075016
0.19718533381819725,0.010017316167553266,-0.1497521692266067,-0.042124928906559944
-0.16903500258922577,0.2900119622548421,-0.2018116464217504,0.0002890694886445999
0.1123657338321209,0.29080534105499584,-0.16942142446835834,0.23682452738285065
-0.12182473670691252,0.33138516327987116,-0.4680175210038821,0.08849274553358555
0.6065523475408554,-0.41109366714954376,0.240061417222023,0.24711284413933754
-0.391626700758934,0.00812794889012973,-0.14590605224172276,0.039885252714157104
0.5670285075902939,-0.2678122806052367,-0.27247905855377513,0.4601872116327286
0.24643735587596893,0.26919061193863547,-0.6879166613022486,0.6679321676492691
0.10108170285820961,-0.2876778542995453,0.377034742385149,-0.2790616787970066
-0.4152836874127388,0.4086625004808108,-0.27616767088572186,0.6017056256532669
-0.07181363552808762,0.14479480249186355,-0.09286813748379548,0.00023108720779418945
-0.1293871756643057,-0.6545091805358728,0.4064257008334001,0.13365757279098034
-0.27321483939886093,1.0117888450622559e-05,0.46705519407987595,-0.7338563203811646
0.1154394131153822,-0.12684807057181996,-0.06988231403132279,-0.015560507774353027
-0.23298636078834534,0.5288834472497304,-0.4252232437332471,0.2788602225482464
-0.09003297984600067,-0.27407241985201836,0.6777869425714016,-0.4316379092633724
0.01707320287823677,-0.40073419238130253,-0.03922983010609943,0.5610957592725754
-0.061538465321063995,0.044006588558355965,0.1650093545516332,-0.5875140875577927
-0.8696432709693909,0.21066330869992575,-0.1394993563493093,-0.3804190456867218
-0.6720939874649048,-0.2617868532737096,0.7887834285696347,-0.7537617161870003
0.176938246935606,0.48063956821958226,-1.152994769314925,1.1890876740217209
0.08863566815853119,0.19706374282638234,-0.012251524875561401,-0.11481645703315735
-0.25092506036162376,0.258002287397782,0.6705264051755269,-0.8855166733264923
0.07460872828960419,-0.5805220926801363,0.39157920206586516,0.6622654646635056
0.567080058157444,0.03575846987466018,-0.34659050839642686,0.45339215360581875
0.1835460141301155,0.5841251431653898,-0.4066126166532437,0.1872897744178772
-0.3059915155172348,0.42239352067311603,0.011347102622191116,-0.15517813712358475
0.006032682955265045,-0.06273104498783748,-0.007712294658025106,-0.27232351154088974
0.6357444673776627,-0.07688832531372707,0.4164576257268588,-1.0355259105563164
0.08817882090806961,0.19349432115753493,0.22760566572348276,-0.049785710871219635
-0.351165471598506,0.22914741995433965,-0.0706308955947558,-0.037808094173669815
0.6393243074417114,0.11534111946821213,0.8106830790638924,-0.9876429960131645
0.09850266948342323,-0.0651051290333271,-0.6744966357946396,0.4588284194469452
0.13845594227313995,0.05395447462797165,0.011693477630615234,-0.5467568710446358
0.4936874955892563,-0.1098972534139951,-0.7635488683978716,0.7553350180387497
-0.5810052007436752,-0.7159220774968464,-0.21139785150686902,1.622309297323227
-0.09076225571334362,-0.1275814101099968,-0.44856660813093185,0.7254916168749332
-0.13872189074754715,-0.2573304561277231,0.21944603448112807,-0.5086810663342476
-0.19908959791064262,-0.11441312233606976,1.2317736248175304,-0.6882320120930672
0.0323980487883091,0.13341923306385678,0.13189029072721797,0.14528189226984978
-0.27316281013190746,0.11889702888826528,-0.10387621323267618,0.12438922375440598
0.45883120223879814,-0.3486879200985034,0.022567245488365494,-0.05713660642504692
0.6089312210679054,-0.520612820982933,-0.031024005264043808,0.5962451808154583
-0.258341571316123,0.1316946844259898,-0.01884431640307109,0.16663414239883423
-0.48451269790530205,-0.13879044850667316,0.6743263447036345,0.03810081444680691
0.47526664286851883,-0.16939776142438254,-0.15677048514286676,0.43417392671108246
-0.3256268259137869,-0.2041970348606507,-0.1912416492899259,0.7492221295833588
-0.07847873866558075,-0.1619929720958074,-0.12805513540903726,-0.06146597862243652
-0.24563848972320557,0.3473800905048847,-0.12543348968029022,0.5244541466236115
0.484799325466156,-0.1890382543206215,0.4846176877617836,0.04497595131397247
0.182832021266222,-0.15048374235630035,-0.35342077165842056,0.6928078979253769
-0.28162744641304016,0.1629594590825339,-0.5064787132044634,0.1290487856604159
0.41142217442393303,-0.3990647842486699,0.19392852981885272,-0.1330377385020256
0.029295403510332108,0.17836189890901247,-0.6266630838314692,0.2139829881489277
-0.09057753905653954,0.07315829644600551,-0.11441200917276244,0.9204564585816115
0.06620379537343979,-0.16235179950793585,0.262888548274835,-0.07152759283781052
-0.1229357123374939,-0.010614775121212006,-0.23773907124996185,0.29021792113780975
-0.11143715307116508,0.4843256051341693,-0.1071517715851466,-0.25119686871767044
0.050167426466941833,0.49932920436064404,-0.3608270126084487,-0.08512089028954506
0.0978032797574997,-0.22494923571745556,-0.3159950276215871,0.08193553611636162
-0.2729542851448059,0.27582555512587226,0.26409966995318734,-0.7850417196750641
0.608907014131546,0.022307629386583955,-0.1978683869043986,-0.20476678758859634
-0.24378033354878426,0.25462736810247105,0.03785632302363712,0.23174111172556877
0.026459962129592896,0.2107314815123876,-0.16562089075644812,0.08951741270720959
0.4831284135580063,0.042929405967394516,-0.35499727229277295,0.22139759361743927
0.08139021694660187,-0.12531856819987297,-0.05582401528954506,-0.02257893979549408
0.4524490348994732,-0.562665581703186,-0.27319216169416904,-0.25751527212560177
-0.1474437341094017,-0.25472305715084076,-0.4882855489850044,1.366395227611065
-0.7305188477039337,0.25854577869176865,-0.1947697103023529,0.46278439462184906
0.3633168786764145,-0.3478733052810033,0.753400539358457,-0.9601049274206161
-0.4736672341823578,-0.021088590224583925,0.07770662133892375,0.08346718177199364
0.49934422224760056,0.3037470864752928,0.04220005295549831,-0.034141108859330416
-0.30300770699977875,0.08314643551905951,0.21842908362547556,0.3537283018231392
-0.40974076092243195,0.5657775948445002,-0.4675890083114306,0.3448823057115078
-0.207204919308424,0.12324124947190285,0.2826748564839363,-0.4228905700147152
-0.41726008616387844,0.08397700948019823,-0.32589715470870334,0.6204136237502098
-0.4554983526468277,0.07610877727468808,0.37619114729265374,-0.7567219380289316
0.6245678663253784,0.14129780232906342,0.1463945284485817,-0.2237115427851677
-0.4237765036523342,0.13605568806330362,0.19440322866042456,0.21563776955008507
-0.022914372384548187,-0.045566587398449585,-0.029081338395675022,-0.1661905637010932
-0.26487912237644196,0.19444981217384338,0.4829518347978592,-0.9524010606110096
-0.06413586437702179,0.44998789330323535,-0.25799847145875293,-0.20922710746526718
0.22181500494480133,0.1527634027103583,0.11884168659647305,-0.4251933582127094
-0.07189890649169683,0.11439017454783121,0.7277305920918783,-0.880966791883111
-0.1887264996767044,0.10062843561172485,0.26191776990890503,-0.1428351253271103
0.14447614550590515,-0.10354381799697876,0.1549113243818283,-0.06648029759526253
0.14934637770056725,-0.027901125450929005,-0.45162413517634076,0.3997304793447256
-0.0072824060916900635,-0.1113066424926122,0.0458718625207742,-0.405306201428175
0.3956043515354395,0.1917656088868777,0.4375644748409589,-0.604948028922081
-0.019190005958080292,0.13887698700030646,-0.032645556454857186,-0.2474773656576872
0.2213478535413742,0.3892158096035322,0.005830096701780946,-0.2444054987281561
-0.31111932918429375,0.6955022116502125,-0.1833864574631055,-0.12455745786428452
-0.4977587163448334,0.2364201496044795,0.05156402786572774,-0.3054018169641495
-0.020711081102490425,-0.010317636653780937,0.22673093527555466,-0.20014114677906036
0.11260534077882767,0.12261610478162766,-0.21106097102165222,-0.17707495391368866
0.20493409037590027,-0.36814996848503745,-0.6750614022215208,1.058033064007759
0.29946969263255596,0.16794608533382416,-1.3978336155414581,1.3095501773059368
-0.6156913936138153,0.24977525571982068,0.4215037201841672,0.04979079216718674
-0.6111597046256065,-0.11854776491721472,0.21438831587632498,-0.22298485785722733
-0.35702175833284855,0.37705069283644355,-0.23551699022452036,0.03517840430140495
0.24933711998164654,-0.09639691933989525,-0.0566561184823513,-0.06928464770317078
0.038785047829151154,-0.2392069399356842,0.49885718524456024,-0.6746271848678589
-0.4183290898799896,-0.12962577616175017,0.10412671354909739,0.16303968615829945
-0.06520452350378036,0.42262348781029385,0.2709448312719663,-0.7801822945475578
0.1272987201809883,0.07678314546744028,-0.04564641291896501,-0.1966014914214611
-0.24773243442177773,0.03344079355398814,0.33005612653990585,-0.09885475598275661
0.30412939190864563,-0.388369619846344,0.4978383481502533,-0.809018075466156
0.2717294334433973,-0.21929515898227692,0.18103530444204807,-0.6549703869968653
0.09202833473682404,0.0699246923128764,-0.46240610877672833,0.4183615706861019
-0.04005638509988785,0.18022096529603004,-0.47240591049194336,0.3195451721549034
-0.30112014524638653,-0.35560542593399685,0.33776403466860455,-0.14223431143909693
-0.24895931780338287,0.1366852968931198,0.2744162864983082,0.23675991222262383
0.0601106695830822,-0.21971268703540164,-0.12707303712765378,-0.3164057433605194
