1951-1960,1991-2000,2001-2010
-0.19400442391633987,0.2747018796702226,-0.47972585633397097
1.0965106189250946,-0.34572724625468254,0.5515315383672714
0.14923468232154846,-0.13710230588912964,0.058123454451560974
0.37687182426452637,-0.42465950548648834,0.03856277031203112
0.052279651165008545,-0.18392673383156458,-0.14051686227321625
-0.701311856508255,0.7428883723914623,-0.42674267664551735
-0.14890286326408386,0.6516972494622072,-0.1833457909524441
-0.11134865880012512,0.18450605372587836,0.14647305508454644
-1.0297399014234543,0.21903181572755182,-0.1855261723200481
0.32674912363290787,-0.0019854456186294556,-0.10860010546942553
0.7280268222093582,-0.5457069277763367,0.5530132576823235
-0.21506314352154732,-0.08085776989658675,0.11597533027331035
-0.015305191278457642,0.062102630734443665,0.1788053847849369
-0.6689767315983772,0.4688255609944463,-0.38057369335244096
0.6165508031845093,-0.46748177210489905,0.18316963563362754
-0.41645941138267517,0.6049790518979232,-0.13408073162039125
-0.05417093634605408,0.4211255672077338,-0.003029211113850294
-0.15249354392290115,-0.28303105539331835,0.24019393666336933
-0.15741927176713943,-0.08651995534698168,0.13152451192339262
-0.6441168114542961,-0.3420470431447029,0.6975711869696776
-0.12750235199928284,-0.014297364900509535,-0.21048701430360472
-0.14418116956949234,-0.04299775014321009,-0.11324909143149851
0.6875332184135914,-0.17752822240193683,0.4028974234436949
-0.9955770149827003,0.24192265172799426,-0.12685524548093477
1.0496379137039185,-0.9332925068835418,0.45396354918678605
-0.29112619161605835,0.5434867044289907,0.0793169264992078
0.03998202085494995,0.3593862416843573,-0.42405821507175767
0.6384875029325485,-0.5227825691302617,0.4188276231288909
-1.0245355814695358,0.29073710491259896,-0.1296989948799213
0.15537559986114502,0.4877445548772812,-0.16273265580336252
-0.010022241622209549,0.20722315336267155,-0.27537201282878715
0.28413188457489014,-0.46282794450720155,0.19794932877024018
0.6928322464227676,-0.8035907956461111,0.4246940053999424
0.23340872675180435,-0.07085207849740982,-0.08018699536720912
0.7916088104248047,-0.5126294294993082,0.2515849744280179
1.2309772968292236,-0.3298094440251589,0.07596029030779994
1.8784154653549194,-0.43195921182632446,0.08534058680137002
-0.5230844989418983,0.35867111136515933,-0.19024308274189627
1.1357649248093367,-0.24761022937794525,0.34489515889436007
-0.29463833570480347,0.23441586891810096,-0.002936244010925293
-0.10290646553039551,-0.6203072133163612,0.20428676282366118
0.44324444606900215,-0.21182993426918983,0.1666703230390946
-0.9264268279075623,1.4777050527433555,-0.9764970851441224
-0.9628618210554123,-0.3937225826084614,0.4777758258084456
-0.8550462201237679,0.3359796280662219,-0.20587509560088318
0.1012178547680378,-0.11285574485858282,-0.05730620957911012
0.030694782733917236,0.13583218057950341,-0.43119740237792337
1.3438169062137604,-0.9670907109975815,0.6061985244353613
-0.7626102864742279,-0.021701969827214895,0.03984724668165052
-0.1499829888343811,0.7259490427871546,-0.30613475044568383
-0.01983553171157837,0.05864916245142621,-0.17097678035497665
1.026326809078455,-0.38240853883326054,0.18708994798362255
-0.4686453640460968,0.46290933232133585,0.0118635562248528
-0.2959229648113251,-0.23177235821882883,0.21017794807751974
0.5114265009760857,-0.08742697536945343,0.25465636452039087
-0.22729293256998062,-0.09991718828678131,-0.26940800746281945
0.45179057121276855,-0.18145689368247986,0.20792558789253235
-0.09088850021362305,0.09115528066953021,-0.027541210254033388
-0.3039345145225525,0.4966258058945338,0.025610141456127167
-0.10216479003429413,0.1956048694749673,-0.06685149917999904
-0.6365339607000351,-0.014534840360283852,-0.155333016688625
-0.37865568697452545,0.6762404292821884,-0.5110446574787298
-0.4943764805793762,-0.2876501033703486,-0.23960315932830178
0.21307231485843658,-0.4707074612379074,0.5373590889697273
0.3257548213005066,0.0241926138599714,0.08123151585459704
-1.3938879258930683,0.470391987512509,-0.44547647734483076
1.5324296355247498,-0.228728952507178,0.14150795092185336
0.23040258139371872,-0.3686595012744268,0.3903985073169073
0.21369525790214539,-0.3669305294752121,0.18959503201767802
-0.7812483012676239,0.9955588181813557,-0.4260363467037678
-0.14583728462457657,0.09925025701522827,0.23303522231678167
0.47924037277698517,0.2853299379348755,-0.10687961553533876
-1.0235508680343628,0.9599431902170181,-0.4082405616839726
0.3385915905237198,-0.14943676193555194,-0.09057640532652539
-0.39425528049468994,-0.43572430809338886,0.1366502965490023
-0.36665505170822144,0.032330908502141625,0.070773225898544
1.1490840017795563,-0.7916229975720247,0.410983911405007
-0.7891696244478226,0.3392057550760607,-0.456428398222973
-0.7590025067329407,-0.05451653152704239,0.4046601702769597
-1.530642319470644,0.3534292131662369,-0.26291949301958084
-0.7087273374199867,0.38602359344561893,-0.5697013760606447
0.10544303059577942,-0.21961959203084308,0.05312659094731015
0.15480279922485352,-0.9592869430780411,0.3779413985709349
0.1567966789007187,-0.20829559117555618,1.0525272997717063
-0.30107054859399796,-0.21840593094627062,-0.04330417141318321
-0.5207629203796387,0.2172332306702932,-0.050817131996154785
0.09154215455055237,-0.43719807515541714,0.12117388099431997
-0.4908774048089981,-0.14148322244485217,0.012638874351978302
-0.8763672411441803,0.44773424665133166,-0.4980684965848924
-0.1904485523700714,0.07438060392936074,-0.04255421211322152
-0.4616318345069885,0.0932826499144237,-0.014471163352330674
0.4865136444568634,-0.23292090743780136,0.011441991974910103
-0.7353183627128601,0.3771255364020666,-0.8421778914829096
-0.9837322384119034,0.912267552067836,-0.39510607719421387
-0.7383442372083664,0.7155503506461779,-0.1816041643420855
1.1547898352146149,-1.0896934469540915,0.279080239435037
0.20044339448213577,0.44479966908693314,-0.29614757373929024
0.6718930155038834,0.2361438808341821,-0.06686005555093288
-0.32069286704063416,-0.20594764004151028,0.01870289196570718
-2.1202096343040466,0.8004872823754946,-0.141927108168602
0.5254688709974289,0.32458359127243364,-0.19699881722529733
0.6513182520866394,-0.29270807902018225,0.1709748196105162
-0.7427811324596405,0.3110565120975176,-0.5289024151861668
0.1175050139427185,0.17068408926328016,-0.23016189783811558
0.4121648967266083,-0.502825620273749,0.5792244623104731
-0.2674374282360077,-0.47210868572195375,0.07208325838049254
0.07883906364440918,-0.5577063113451004,0.48453753503660363
-1.2222343683242798,0.6350076670447985,-0.43576343854268396
-0.23745763301849365,0.22024519865711528,-0.012064283092816652
0.490346223115921,-0.06468832492828369,0.16977190971374512
0.2840002030134201,-0.24434731900691986,0.18630337466796237
-0.3963935263454914,0.09600824986894924,-0.12224747861425081
-0.2647716850042343,0.0971207469701767,-0.11441934108734131
0.6111497581005096,-0.10202299058437347,-0.07475565622250235
-0.41672301292419434,0.09283582493662834,-0.006367503354946791
-0.6654217839241028,0.31862661987543106,-0.3174533111353715
-0.4170628786087036,0.44584525128205615,0.0646374262869358
0.1385008692741394,-0.36066307624181104,0.025847670932610756
-0.29618823528289795,0.6484050179521242,-0.5257794534166653
-0.12992321699857712,0.025112472474575043,-0.17263122896353406
-0.19808021187782288,-0.4217701256275177,0.168362058699131
0.5286521315574646,-0.1106164852778117,0.2817096660534541
0.7901259958744049,-0.23575800160566962,0.14530947307745612
-0.2099425196647644,0.3763014574845631,0.06188715994358063
1.0083072483539581,-1.0154372388496995,0.6797648007050157
0.036130672320723534,-0.02682669833302498,-0.789957138399283
0.36131906509399414,-0.15831375867128372,0.1914002951234579
-0.16186001896858215,0.2983817644417286,-0.0673920443902413
0.09732572734355927,0.22837545722723007,-0.05743351796021065
0.11568868532776833,-0.892827246338129,0.4112599777678648
0.7754180282354355,-0.06830729792515439,0.16972338904937112
0.13583174347877502,-0.2907026608784994,-0.0719889284422
-0.18498031795024872,0.15413184463977814,-0.3592714301000039
0.3237405866384506,-0.03577737137675285,0.028454245689014585
-0.888676144182682,0.501552348335584,-0.14018062626322114
-0.1120958924293518,0.7640674958626429,-0.5945082195103168
-0.33477768301963806,0.2017296515405178,-0.15399582932392758
0.6259602680802345,-0.5306764791409175,0.5219845548272133
-0.3348398655653,-0.4380972385406494,0.107015460729599
-0.8945243135094643,0.3747443448131283,-0.0944404158120354
-0.7584381252527237,0.8168886303901672,-0.6428675639132659
-1.17831951379776,0.5247045755386353,0.33475498793025804
0.09123489260673523,-0.3683744743466377,-0.008589211851358414
0.05270160734653473,-0.03576582670211792,-0.08788404613733292
0.04574988782405853,-0.6091098636388779,0.3936857742567857
0.2447659969329834,-0.7660664518674215,0.48147723823785776
-1.3573315739631653,1.057995597521464,-0.35560369988282525
-0.27644162252545357,-0.33951996887723607,0.08823187525073688
0.15456628799438477,-0.6834320227305094,0.5149354139963785
-0.40045513212680817,0.028580342729886368,-0.008946011463801057
-0.5252684950828552,0.8112403638660908,-0.295906126499176
-0.2979624858126044,0.12140268242607513,-0.332041809335351
0.020499832928180695,0.08270824700593948,-0.07632807393868765
0.6992229595780373,-0.329054256901145,0.0008081980049610138
-0.14876848459243774,0.05069717764854431,0.1180662214756012
-0.30136704444885254,-0.4554557651281357,0.09805075824260712
-0.7191285770386457,0.22160911986914775,-0.15298623366591832
0.7177736610174179,-0.004077120373646409,0.06178108726938564
-0.07404260337352753,-0.1794278547167778,0.18475257077564794
-0.14772874861955643,0.29143269856770837,-0.22219845404227578
-0.2614758610725403,0.20099577804406482,-0.24969042465090746
0.3756438195705414,0.017565899839003918,0.16612956859171385
0.4459599256515503,0.31764792526761687,-0.0010301501800616397
0.8717634826898575,-0.3124683666974306,0.21523745295902094
-0.9639764428138733,-0.23827789848049483,0.09809428143004577
-1.1640330292284489,0.3169221468269825,-0.11271740092585486
1.6023198962211609,-0.6374369710683823,0.6565944850444794
0.4991002380847931,0.1552090272307396,0.2537536875655254
0.1430303156375885,0.13969065248966217,-0.1611776674787203
0.908945232629776,0.026845467587312044,-0.03983364130059874
-0.262170635163784,0.0719628781080246,0.27225927263498306
0.17503885924816132,-0.03270257512728372,-0.16796498745679855
0.14241474866867065,0.11461145679155985,-0.035887181758880615
-1.0320656299591064,0.7510754863421122,-0.10233865957707167
0.6467631310224533,-0.47082387159268063,0.303221506299451
0.5780057907104492,-0.2697173853715261,0.10437731755276525
0.40095721930265427,-0.1589089756210645,0.21436017751693726
0.6126448065042496,-0.5333923126260439,0.48653480162223184
0.15366590023040771,0.12399100884795189,-0.08795232946674025
0.8366408050060272,-0.4471462368965149,0.07001104205846786
-0.02236953377723694,-0.5753325695792834,-0.012272769895692667
0.336460966616869,-0.5519046727567911,0.6497210469096899
-0.5194807164371014,0.5219550353164475,-0.14431410003453493
-0.29035311192274094,-0.13030586019158363,-0.051510894360641636
-0.46772508323192596,0.2092218001683553,0.2215280365198851
1.1875930428504944,-0.23653478175401688,-0.08575881272554398
0.4449862837791443,-0.7683974703152974,0.4218493377168973
-0.5500555038452148,0.37131160497665405,0.05110495785872149
-1.4878427982330322,0.521049306107064,0.021163371391594438
-0.07008223235607147,-0.1734963698933522,-0.10990242473781106
-0.42017900943756104,0.12390102446079254,-0.4188515717784564
-0.4213450103998184,0.1924257253607114,-0.15617913504441577
0.6505232453346252,-0.4677274550000826,0.3213219940662384
1.155290275812149,-0.8965824842453003,0.7031977797547977
0.6432871222496033,0.21656531592210138,0.06017835934956861
0.664443850517273,-0.7825591986378034,0.6019613997389873
0.9722902849316597,-0.6167983425160248,0.2874712807436784
1.1304474920034409,-0.29467984288930893,0.020790259043375614
0.39057067036628723,0.07890383402506507,-0.06490210692087806
0.47741521894931793,-0.6489250461260477,0.21690630416075388
0.042096227407455444,-0.045130010694265366,0.10087110474705696
0.009961366653442383,-0.7108689025044441,0.29873266567786533
0.16020706295967102,-0.31879638880491257,0.08842641611893973
0.27889574132859707,0.4009659110258023,-0.1642303615808487
0.7941830605268478,-0.021003959079583467,-0.038946186502774593
0.14281374216079712,-0.7572722062468529,0.5268132643153269
0.9023560285568237,-1.0222059823572636,0.28140778218706447
-0.22760850191116333,-0.20135374863942457,0.20099132818480325
-0.34230314940214157,0.25544891878962517,-0.2801128787298997
0.020855475217103958,0.19402575741211572,-0.08363860224684078
0.30621853470802307,0.11505810419718421,0.06454243014256161
-0.3815135657787323,-0.0848722060521444,-0.13488736872871715
0.7431121319532394,0.2211470752954483,0.06098305651297173
0.2027505487203598,-0.07984534402688348,-0.17819719513257337
-0.05509912967681885,-0.6312291963646809,-0.0023916928718487607
1.048273742198944,-0.6052072594563166,0.3403852532307307
0.6782398223876953,-0.5334859987099966,0.0025396284957727167
0.18817880749702454,-0.46711155275503796,0.2193308770656586
0.3784976601600647,-0.12551033372680354,-0.4519190353651841
0.8379592001438141,-0.26308152079582214,0.22368226200342178
-0.1883891522884369,0.48732415090004605,-0.4081397994110982
-0.9043070003390312,0.3812757767736912,-0.12536936129132908
0.09388294816017151,0.34930030504862464,0.021412920206785202
-0.652598574757576,-0.12282053877909976,-0.17698198060194653
0.4987664222717285,-0.5889919499556223,0.25714556872844696
0.06300565600395203,-0.33563170333703357,0.08266498396793998
-0.3022609353065491,0.35842226445674896,-0.6225502525145808
0.379236564040184,0.1965111903846264,-0.05520332728823027
1.452290266752243,-0.8913272942105929,0.3421296800176302
-0.12435740232467651,-0.19854426383972168,-0.3326308478911718
1.0241003707051277,-0.6767261847853661,0.27312230318784714
-0.16497895866632462,0.17928852885961533,-0.07407917144397895
-0.2704535871744156,-0.10595288251837096,0.02447712421417239
-0.9665383845567703,0.12397232775886854,-0.05531629050771397
0.36862486600875854,-0.4667597288886706,0.11447887619336444
1.1041138917207718,-0.7181572864452999,0.4426013380289078
0.36288557946681976,0.07904554406801859,-0.05083630420267582
0.7805199176073074,0.018987789750099182,-0.3022614953418573
-0.5313010811805725,0.38400504489739734,-0.1350764085849126
-0.18061098456382751,-0.3113282322883606,0.2270207007726034
-0.17706960439682007,-0.05703228339552879,-0.05532753529647986
0.4086477532982826,0.06438667078812921,0.27007076516747475
0.1864795684814453,-0.3408609728018443,0.07608680427074432
-0.10065662860870361,-0.5955176750818888,0.6905063974360625
0.25200048089027405,-0.346217775096496,0.2945568400124709
0.386207640171051,-0.04884134481350581,-0.018261224031448364
0.19830044358968735,0.21657133474946022,-0.033342039367804915
0.5902344584465027,0.7492243734498819,-0.3193184820314249
0.504245376214385,0.12943023939927417,-0.2009639423340559
-0.19847436994314194,-0.1049942473570506,0.10358411942919099
0.14234286546707153,0.45733796805143356,-0.36357027664780617
-0.21508978679776192,0.3566547129303217,-0.49107995877663296
-0.7227762117981911,0.545787397151192,0.014563676590720831
0.7148328721523285,-0.3842773263653119,0.3608850265542666
0.05863359943032265,-0.136952950929602,0.06147919408977032
-0.43639524281024933,0.11443162957827252,0.04708625997106233
-0.3529188185930252,0.17145098497470224,0.029016703367233276
-0.13751891255378723,0.2443125446637472,-0.207051424930493
-0.055922508239746094,-1.9159380594889317,2.5669703781604767
0.7834145464003086,-0.5720407341917356,0.3347799479961395
0.717799961566925,-0.4306445320447285,0.2946608786781628
-0.6454089432954788,0.30649645129839576,-0.36588941452403856
-0.49561020731925964,0.5216457173228264,0.15798889100551605
-0.5336648225784302,-0.24542447676261264,0.32221998025973636
-0.23029395192861557,-0.09218195080757141,0.3507257681339979
-0.35688817501068115,0.23362862442930538,-0.19942886506517726
0.15625764057040215,-0.2468342122932275,-0.04363131523132324
0.011918548494577408,0.39932671934366226,-0.4335702868799369
0.3418067768216133,0.015965759754180908,0.29136628781755763
-0.04823598265647888,-0.14752691984176636,0.2252450163165728
0.9143332242965698,0.17527388781309128,0.04653641829888022
-0.6327799707651138,0.30789381017287576,-0.2664501170317332
0.5027711093425751,-0.1868884687622388,0.07913548747698462
-1.4751019775867462,0.6469411415358385,-0.08253976454337437
0.3960699662566185,-0.25967078407605493,0.09001602480808893
1.030687153339386,-0.749321719010671,0.3249568815032641
0.0295012965798378,0.07185790687799454,-0.09742927054564159
0.17254751920700073,-0.5502129513770342,0.11867475075026354
-0.7603548467159271,0.40784879525502526,-0.2994789918884636
0.32661842554807663,-0.14821511258681613,-0.18273346995313966
0.7847075462341309,-0.19796978930632275,0.25284308815995854
0.5799135398119688,-0.44560863884786767,0.4149195446322362
-0.5694686770439148,0.5570887426535288,-0.33538654508690036
1.3111677467823029,-0.26886719713608426,0.1194633214424054
0.7227977514266968,-0.2116592874129613,0.06671530132492381
-0.04954439401626587,-0.14544144769509632,-0.13242758003373944
0.07930898666381836,-0.4929327443242073,0.3118065223097801
-0.2579142898321152,0.5403175925215086,-0.287221277753512
1.5604661256074905,-0.22072827816009521,0.15705007066329313
-0.687009871006012,0.30728306621313095,-0.04514656898876031
0.24093395471572876,-0.25202326476573944,0.16182449956734973
0.3331087939441204,-0.03371828359862168,-0.23133878099421662
-1.1590644158422947,0.24464964183668297,-0.28794381581246853
0.1495370864868164,-0.7798526386419933,0.07394284072021645
-0.08831809461116791,-0.13376676042874655,0.04457038640975955
-0.201297327876091,0.291021207968394,-0.02984813724954924
-0.048530805855989456,0.10409780219197273,-0.43780845403671265
1.2178986072540283,-0.6425483950103323,0.22005952987819913
0.8786014840006828,0.5260888760288557,-0.3681654830773672
0.16815350204706192,-0.07781060598790646,0.21545434091240168
-2.709804356098175,-0.1758265495300293,0.38009800016880035
-0.2767588496208191,0.14483975370725,0.1395157128572464
-0.5127121806144714,0.7449994335571924,-0.4604897784690062
-0.015555307269096375,-0.3224573681751887,0.43184842169284826
0.07282352447509766,0.012278608977794647,0.24666962027549744
0.3946024179458618,-0.34106359258294106,-0.21921938471496105
-0.48423934262245893,0.36875254691888887,-0.18560999880234397
-1.38882178068161,0.4467769761880239,-0.13603151589632034
0.8452262282371521,0.4098106920719147,0.16205296106636524
-0.5184484347701073,0.6885876469314098,-0.19642300779620805
-0.1782042533159256,-0.34142054493228596,0.03968219148615996
-0.23559092357754707,0.10815046106775603,-0.012059544523557036
0.30502770841121674,0.38043753802776337,-0.30686021596193314
0.09222176671028137,0.0837419678767522,0.06462793797254565
-0.16642963886260986,-0.08260955413182575,-0.07692032928268117
0.2326885461807251,-0.6732208157579104,-0.06994291891654336
-1.5506789237260818,0.14792306969563168,0.095103037233154
0.07724524289369583,0.32045887410640717,-0.1475258469581604
-0.2711317241191864,0.6489518154412508,-0.5573825308432182
0.02838216722011566,0.31096554299195606,0.009411945939064019
0.2585023492574692,-0.20322501907745996,0.07344300672411916
0.43337517976760864,-0.4693173815806707,0.023401454091072083
-0.32472705841064453,-0.3111291974782944,0.44769970824321115
-0.3516876772046089,0.18995943168799084,-0.2360384265581767
-0.8461558818817139,-0.0312514491379261,0.10595265279213587
0.253507187590003,-0.4066632930189371,0.13189180940389633
-0.31144213676452637,0.70286230246226,-0.40478503517806536
0.3784337192773819,-0.021892905235290527,0.31088273134082556
-0.28180021047592163,0.5410741517941157,-0.23206510146458942
0.31266942620277405,-0.6814068481326103,0.2999412789940834
-0.8624556511640549,-0.0044646188616752625,0.14798354792098206
0.019892267882823944,0.329249399403731,-0.07937815164526303
-0.6574904173612595,-0.005446228509147999,0.22679037724932039
1.075232282280922,-0.0969322926054399,-0.2058229837566613
0.33410224318504333,0.18109014071524143,-0.1558950146039327
-0.23234575986862183,0.5816652178764343,-0.21414584325005612
0.3206610083580017,-0.37421154975891113,-0.07616253197193146
-0.002399951219558716,-0.4800654202699661,0.269893898939093
0.7973392158746719,0.13157250608007115,0.218511915144821
0.23058852553367615,-0.45978813618421555,0.012503380576769502
-0.08577495813369751,-0.09967769185702002,0.2290442117179433
0.2951177507638931,-0.26321383814016974,0.20428383350372314
0.5396597608923912,0.36513120432694757,-0.2018462965885799
-0.36304115504026413,0.6293185433993737,-0.349478126813968
-0.14259563386440277,0.06456147631009418,-0.19784135619799295
-0.4771307706832886,0.5973290503025055,-0.19210258374611539
0.045567977242171764,0.049119104631245136,-0.13848061735431352
0.3199771009385586,0.3738839253783226,-0.2546019821117322
0.09225335717201233,-0.6842527935902277,0.32287799318631494
0.19350269436836243,-0.229800338546435,-0.15350816336770856
0.2556360363960266,-0.6580499354749918,0.14643507140378154
-1.4047214984893799,0.5337557283540567,-0.07411888862649607
-0.07865330576896667,0.49748051166534424,-0.25116683170199394
0.8900731652975082,-0.42235005274415016,-0.0031545842066407204
0.19036756828427315,0.17058131719628972,0.011999841469029549
0.9521269500255585,-0.22179860714823008,-0.195196822596093
0.30512022972106934,0.17000409960746765,0.30827879160642624
0.5341292023658752,-0.7974544775982697,0.7118155925224223
0.9687098562717438,-0.24203821271657944,0.12533743493258953
0.12321659922599792,-0.005155637860298157,0.027580469846725464
-0.1332530975341797,0.5396700476606687,-0.3847357785950104
0.16385403275489807,-0.17324016988277435,-0.11161303458114469
-0.9233563095331192,0.6049390956759453,-0.41693539420763653
-0.14900793135166168,-0.1425885558128357,0.08517915569245815
-1.366475224494934,0.8883281300465266,-0.19783640528718632
-0.5107299983501434,0.2963444838921229,-0.23117273797591525
0.04116201400756836,0.1352621118227641,0.20793985140820342
0.062091439962387085,-0.23298801854252815,0.15192896872758865
0.5506861731410027,-0.17744594812393188,0.3645242117345333
0.005744624882936478,0.3036874694128831,-0.013831530387202862
-0.4195461869239807,0.6764844954013824,-0.4359999895095825
-0.6142332926392555,0.21571181962887442,0.28151674568653107
0.48555758595466614,-0.35413781305154163,0.07374609230707091
0.6113367080688477,-0.41060816682875156,0.09491143003106117
-0.2639992944896221,0.20651244434217614,-0.3553971480578184
-0.04826074093580246,0.09996851533651352,-0.2956293262541294
0.058977365493774414,0.08637437224388123,-0.03910668318470323
-0.07305563986301422,0.2455628663301468,0.12312365633745988
-0.6782513856887817,-0.09254010518391931,-0.3188740623493989
1.2542155608534813,-0.03729515026013058,-0.15566171209017435
0.10490888357162476,0.6910572052001953,-0.3590773083269596
0.6484816148877144,0.13562720020612085,-0.2504599367578825
-0.44608041644096375,0.47557088484366733,0.015224465479453442
0.7662164829671383,0.14545410250624022,0.05523050824801126
1.2093498408794403,-0.3336641949911912,0.023002743100126583
-0.0832405537366867,-0.134615458548069,-0.031428736013670744
-0.4584774002432823,-0.039276833335558564,0.04591703849534193
-0.13304932415485382,-0.15017028773824376,0.01538526639342308
0.6917582750320435,-0.7460189883907636,-0.11213630934556323
-0.6952575892210007,-0.23524622867504758,0.23746973524490994
0.6687984615564346,-0.18991406137744585,0.1706753478695949
0.5817431807518005,-0.9688372711340586,0.7139530268808205
-1.0645212531089783,0.946867635473609,-0.6334098912775517
0.7553595304489136,-0.7890978455543518,0.6170373558998108
-0.10773271322250366,-0.07294220104813576,0.14068084334333741
-0.04254632443189621,0.02592745671669644,-0.20602405319611233
0.36511973664164543,0.19676202908158302,-0.21337796623508135
-0.4314073920249939,-0.3397769977649053,-0.19222993745158118
-0.8459298610687256,0.020954743027687073,0.21826604505379998
-0.46440085768699646,0.500881016254425,-0.4181594252586365
-0.3283911943435669,-0.3210785786310832,0.37606259932120645
0.5955735594034195,0.11074485008915264,-0.09156198054552078
0.7330310605466366,0.17128360643982887,-0.18644896149635315
-0.43347883224487305,-0.05606228858232498,0.1268035954950998
-0.8545176237821579,0.6211673766374588,-0.48990751057863235
0.6137959659099579,0.019489935288826643,-0.0016729931036631451
-0.08590298891067505,-0.1883152971665064,-0.06262706716855371
0.4535164386034012,-0.20501213769117993,-0.36109779030084604
0.4666171371936798,-0.511474712441365,0.15972205127278966
-1.1763861775398254,-0.6726393500963846,0.24529413630565
-1.784219205379486,0.8028994388878345,-0.2139216860135396
0.3232104331254959,-0.030172154307365417,-0.21742975835998854
-0.5138025246560574,0.3550727479159832,-0.10226795077323914
-1.2587946504354477,0.8061247542500496,-0.40572333335876465
-0.5076325014233589,0.2514241033544143,-0.23837163982292014
-0.07340800762176514,0.49381015698115027,0.14277557531992596
0.9025164693593979,0.11801224139829475,-0.25163634804387885
-0.20732051134109497,-0.3318167341252168,0.21788470943768817
0.6640129089355469,-0.6603621045748392,-0.06896293753137195
0.4465079829096794,-0.20257623990376789,-0.004622808347145735
-0.5160794910043478,0.3434515179445346,-0.5884480892370144
-0.5140651650726795,0.014175542940696062,0.018423100312550872
-0.3043879494071007,-0.04167208448052406,0.004637001703182875
-0.6548697352409363,-0.07343258460362756,0.0010970085859298706
0.16386577486991882,-0.042528510093688965,0.0539262481033802
-0.2869688719511032,-0.7520555853843689,0.32128822555144626
0.1745552271604538,-0.10499617209037143,0.048694213231404604
-0.6967251673340797,0.7571329201261202,-0.18659155070781702
1.107875496149063,-0.8158548772335052,0.34540286039312684
-0.4186813682317734,-0.5998832359910011,0.47677627578377724
0.1517336070537567,0.465141882499059,-0.3195326427618662
0.9061139822006226,-0.5234323839346569,0.08805275708436966
0.1435643434524536,0.25332193076610565,0.0065534350772698535
0.08402059599757195,0.041074690719445556,0.10008300530413786
0.9594506211578846,-0.14275756229956948,-0.22224654754002882
-0.5405251905322075,0.2952401538689931,-0.310132697224617
0.6702494025230408,-0.14305280645688376,-0.013332544205089392
0.35970035195350647,-0.04899119337399804,-0.02476869523525238
-0.025139406323432922,-0.6649339348077774,0.12934260815382004
0.16664211452007294,0.11817958330114686,-0.3257836513221264
0.5390609949827194,-0.2928926845391592,0.3895531346400579
-0.5992435812950134,0.23244565725326538,-0.14029319087664288
0.8829542398452759,-0.01082722594340646,0.1027848397692045
0.4511449337005615,-0.37423681964476907,0.06847890838980675
0.5828816145658493,-0.2299613406260808,0.004870973527431488
-0.5377519801259041,0.25692102685570717,-0.12328272933761279
0.15989011526107788,-0.11893457174301147,-0.3152434130509695
-0.37850402668118477,0.10129956404368082,0.12732522437969845
-0.20119067281484604,-0.18091648072004318,0.12026627610127133
0.8174166157841682,-0.34317609667778015,0.04839292416969937
0.6120541170239449,-0.44717289259036386,0.5642703945438068
-1.3249817192554474,0.3921768218278885,-0.30352503557999927
0.5093633085489273,-0.5569130765895048,0.6071899166951576
-0.2653745599091053,0.19633967677752176,0.16667753706375757
0.6665083095431328,-0.5060090323289236,0.20099596182505292
0.6040521673858166,0.1696199414630731,0.21722385163108507
-0.10672807693481445,0.18279759089152015,-0.2655221689492464
-0.23516228795051575,0.04050459216038388,-0.19329469278454786
-0.34704628586769104,-0.2818178211649259,0.056489261488119766
0.8738604187965393,-0.6625906924406687,0.1543943521877129
0.5795722305774689,-0.052635446190834045,0.0291091650724411
0.9746121317148209,-0.6539933532476425,0.4474376613895098
0.41466034203767776,-0.13042357253531617,0.060600307459632574
0.4581165909767151,0.12658588091532397,-0.4177375460664432
-0.020897120237350464,-0.6030974214275678,0.2574940199653308
-0.10263155400753021,-0.5156684508547187,0.26889168626318377
-0.1874893456697464,0.2056776682535807,-0.4629048480031391
0.6726864576339722,-0.8883130997419357,0.28354077537854516
-0.1820671260356903,-0.3835372428099314,-0.05464715262254083
-0.2388818897306919,0.2729655268291632,-0.31785948139925796
-0.003088615834712982,-0.3730989371736844,0.34448520839214325
-0.18183422088623047,-0.44041258593400323,0.2138325025637945
-0.5081035494804382,-0.08300777524709702,0.1781112626194954
0.15879997611045837,0.17966403563817346,-0.18572161098321283
-0.2800544202327728,-0.8895004615187645,0.503157451748848
-0.10675987601280212,0.48202470503747463,-0.10155519284307957
-0.017255842685699463,-0.366575797398885,0.08772136395176244
-0.2166941538453102,0.37653062244256336,0.045627464850743614
-0.040559060871601105,-0.13314842184384665,0.003551565110683441
0.12550042569637299,-0.4937368532021841,0.420696367820104
-0.2616012468934059,0.18159909298022586,-0.15468667199214298
0.559723824262619,-0.1681930820147196,0.19087096924583113
0.37800898402929306,-0.28833987812201184,0.08864789269864559
-0.43602463603019714,0.27819375693798065,-0.021532607575257656
-0.07413053512573242,0.32104245821634925,0.02674902354677522
0.41600417345762253,-0.4814261173208555,-0.07009422034025192
0.3495132103562355,-0.37328074375788367,0.3871995036800703
0.1776016801595688,-0.28299944661557674,-0.1930276012669007
0.00796632468700409,0.18757109716534615,0.05248083174228668
0.37457045912742615,-0.276344840725263,-0.00327268786107493
-0.5695575624704361,0.6847244376937549,-0.3308649038275083
0.6327193826436996,0.48259302973747253,-0.3300723383824031
-0.7832366675138474,0.16445785388350487,-0.08485392605264983
0.9032974615693092,-0.6838090329741439,0.5685744530831774
-0.4314310848712921,0.4980846333007018,-0.4620085842907429
0.8178886957466602,-0.17773975307742756,0.3880728955070178
0.12057684361934662,-0.13634088293959695,0.0731085455045104
0.7246885150671005,0.012954885760943058,-0.21247461189826322
-0.35268115252256393,0.6186347628633181,-0.2925110155095656
-0.6927307844161987,0.5288200154900551,0.03637782980998361
0.02037099376320839,-0.290442102899154,-0.03660220901171368
-0.5171511396765709,0.3145709012945493,-0.06886405001084006
-0.04092704504728317,0.036923094342152296,0.03151248333354789
0.5136920809745789,0.07053463036815324,0.1923645172889034
-1.2074629068374634,0.9808228611946106,-0.3344995311150948
0.2808939591050148,0.18657936031619707,-0.1294832198570172
-0.7103561833500862,-0.03627777472138405,-0.07615515838066737
0.5489653958939016,-0.06736773702626427,0.22520083002746105
1.3814619928598404,-0.6882744431495667,0.13250126441319787
1.0067217350006104,-0.18433729310830432,0.04374146647751331
0.5201710984110832,0.07157909559706846,-0.06041948497295377
-1.0951705127954483,0.25480667750040686,-0.03360698496301967
-0.3258901536464691,0.14815052598714828,0.15107646832863486
0.24642179906368256,0.16599098344643914,-0.08574751019477844
0.06837300956249237,-0.17109434803326923,0.15589888393878937
0.594164252281189,-0.5713814074794451,0.1108465418219566
-0.8939851075410843,0.09636086225509644,0.10912836529314518
1.0760691612958908,-0.14644082511464754,-0.2391230786840121
0.23702123761177063,-0.05977889398733771,-0.3050737641751767
0.23558956384658813,0.3929379234711329,0.10552604993184411
0.2790619134902954,-0.039419061193863514,-0.10685726255178452
0.15788550674915314,-0.202861246963342,0.07456896950801212
-0.2405211329460144,-0.21214457973837852,0.15737164455155528
-1.0867464989423752,0.660100445151329,0.13255831350882846
-0.7231843154877424,0.3269135685016712,-0.2216535154730082
-0.588997483253479,0.8491153543194134,-0.3804487977176904
0.5107840895652771,0.12533458073933923,-0.2731926590204239
-1.121171347796917,0.44856438785791397,-0.15381680553158125
-0.9385244250297546,0.4034261492391427,-0.4350752408305804
-0.5332169830799103,0.20072127878665924,0.12204513822992646
-0.43756604194641113,-0.46719693516691524,0.12888739382227263
-0.9967744648456573,0.1344978312651316,0.057815343141555786
-0.5919375419616699,0.04066059738397598,-0.4873948507010937
0.9320184588432312,-0.10484983026981354,0.12042233720421791
-1.7232112288475037,0.4532413321236769,-0.12217126662532488
-0.7634050734341145,0.3139424038430055,0.23375035946567851
0.28081628680229187,-0.06887299319108331,0.2290041322509448
-0.8580533564090729,1.0754391203324,-0.4610177806268136
0.22035464644432068,0.009338336686293303,0.1635483254988988
0.01495884358882904,-0.21089715510606766,0.14604763438304266
0.618607372045517,0.19321025411287943,-0.46149236988276243
-0.5176764875650406,0.2604152423640092,0.043807177493969604
-0.5595554187893867,0.22140313560763997,-0.05340443303187688
-0.485991632565856,0.16075372137129307,-0.029838941991329193
0.7467806339263916,0.8094640076160431,-0.12210355699062347
-0.41320303082466125,0.4879668056964874,-0.3623302492002646
0.6546398252248764,-0.8452155441045761,0.5289440105358759
-0.0044731274247169495,-0.0654273306330045,-0.21491792177160585
-0.591400146484375,0.5647618770599365,-0.4433559402823448
0.8545417040586472,0.46564068893591565,-0.4356044170757135
0.7564788460731506,-0.6527550319830576,0.18709363043308258
-0.5856088995933533,-0.11756066481272379,0.10545184928923844
-1.0780088752508163,0.3828698595364889,-0.34784593557318055
0.007086217403411865,-0.4588583139702678,-0.161843102114896
-0.001508086919784546,-0.0162827273209889,0.26644558211167646
-0.3387272208929062,0.2855716049671173,-0.08308977819979191
0.5727958157658577,-0.475730429093043,0.3738123352328936
-0.1925073005259037,0.4474227614700794,-0.0630429337422053
0.08707994967699051,-0.057567961513996124,0.027392009894053132
0.49848672747612,0.12042546148101485,-0.06527893493572867
0.3473322167992592,-0.12025085339943567,-0.32074932008981705
-0.1881243884563446,-0.12497388198971748,0.2203469816595316
-0.49538974463939667,0.6231590211391449,-0.24062265579899153
0.5657286047935486,-0.8372782586763302,0.4415924145529667
0.6486412733793259,-0.4961712881922722,0.6931217114130656
-0.2755332328379154,-0.18047001212835312,-0.02875751629471779
0.8010313808917999,0.32862942044933635,-0.2594293771932522
-0.36151669174432755,0.21172111636648575,-0.24135290489842495
0.0056842416524887085,0.05765099823474884,0.002743525430560112
0.7748905755579472,-0.19840848321715993,-0.036098548521598176
0.22368814051151276,0.21793535600105923,-0.3028774832685789
0.11933094263076782,-0.04598391056060791,0.09090279787778854
-0.0305643230676651,0.001047954584161459,-0.23338596833248937
-0.3894306868314743,0.789080614844958,-0.44279330720504123
0.3258299231529236,-0.020570250848929092,0.058285730580488845
0.3746176064014435,0.7975575923919678,-0.2296394358078639
0.5049553960561752,-0.06707337250312168,0.05227402100960413
0.39502671360969543,0.04496205846468604,-0.2117184822758038
-0.33551985770463943,0.20331233739852905,-0.007802135000626265
-0.22452811151742935,0.7752479339639347,-0.177244541545709
0.21504367142915726,-0.01043181245525679,0.3074740953743458
-0.12153899669647217,0.7008133207758267,-0.33073547482490534
0.27230294048786163,-0.08446424951155979,-0.0907194924851259
-0.17641164362430573,-0.43412094563245773,0.3205114013204972
-0.4110967516899109,0.11423981686433154,-0.23470093434055644
0.21744126081466675,-0.5588295757770538,0.16615065932273865
0.3920438513159752,-0.10709626724322638,0.02054711555441221
0.31552788615226746,0.1780804147322973,-0.1639880935351054
0.3465383052825928,-0.11499301592508959,-0.01884409785270691
-0.19851094484329224,0.3213228782018026,-0.26089099546273553
-0.06920639798045158,0.7115444764494896,-0.06836784755190217
-0.14657443761825562,0.4622193003694216,0.05950036008531856
-0.03495204448699951,-0.0102861920992533,-0.28704648961623513
-0.6629601567983627,0.29620202134052914,-0.27946055292462313
-0.0717424750328064,0.31786843513449037,0.07175187580287451
-0.09059282205998898,0.24714678774277368,-0.2052825540304184
-0.14480096846818924,-0.2889085014661153,0.07181965311368306
-0.34576496481895447,0.009861953556537628,-0.018162154903014538
-0.12205252051353455,0.18156001220146817,-0.23352863142887753
-0.0689542256295681,-0.0796704205373923,0.16510618726412457
-0.8160336166620255,0.1093662679195404,-0.1394716923435529
0.3218642473220825,-0.3196454644203186,0.6552602577333649
-0.22453683614730835,0.12966183324654898,0.07474909226099649
0.6302258372306824,-0.2878796507914861,-0.059468649327754974
-0.8814415261149406,0.5517863302181164,-0.34625389364858467
0.4150672107934952,-0.7774443663656712,0.6152491743365923
0.18423277139663696,0.45245472590128577,0.21048459162314737
0.110137939453125,-0.08786846014360583,0.032371774936715725
-0.4533432871103287,0.41053085401654243,-0.21981014932195345
0.25444046407938004,-0.2570539365212123,0.09025003761053085
0.0809319019317627,-0.25141667326291395,0.5113689154386519
0.4517812132835388,-0.04013999303181959,0.27498129134376836
-0.579716369509697,0.3522290388743083,-0.14364107574025792
0.44361868500709534,-0.47036897142728173,0.20074988839526975
1.1715892106294632,0.021738133082787214,-0.11744987716277444
-0.23139867186546326,0.23283374061187112,0.06183983013033867
-0.2475494146347046,-0.7224780473237237,0.126850719563663
-0.3831430673599243,0.3230748064815998,0.025546152144670486
0.1582643985748291,-0.19331806898117065,-0.29583127051591873
-0.4858757257461548,0.281904427955548,-0.010284695774316786
0.3166165053844452,-0.0495300367474556,0.2549898698925972
0.48403090611100197,-0.5057276698450247,0.5292476241787274
0.4729446470737457,-0.16960358122984565,-0.2490129719177882
0.10800789296627045,-0.25873278081417084,0.09722034012277922
-0.01579279638826847,0.2988752443343401,-0.08452690268556276
-1.171277478337288,0.7239829202493032,-0.35346908370653796
0.32017242908477783,0.81787637869517,-0.5029304604977369
-0.5249761641025543,0.45746262930333614,-0.21898780576884747
0.3092322424054146,-0.23825648923714954,-0.13163715600967407
0.06384197622537613,-0.3896340305606524,0.34268382129569847
-0.7308064699172974,-0.34596318006515503,0.08644623061021162
-1.7990581393241882,0.8557757089535395,-0.5718083853522936
-0.0396975576877594,0.4750239414473375,0.06027748684088388
-0.81269221752882,0.00356378157933554,0.15011983861525854
-0.05985119193792343,0.0074929893016815186,-0.05800879746675491
0.40382109582424164,0.00981992483139038,0.05539323141177495
-0.9435100853443146,0.388246389105916,-0.010188298299908638
-0.29149635322391987,0.3760539156695207,0.05851471113661927
0.08780962228775024,-0.2700314223766327,0.0727532605330149
0.11674961447715759,-0.20784378051757812,-0.17626590033372241
0.4856331944465637,-0.21484427650769555,-0.016519393771886826
-0.4345096945762634,0.9277991447597742,-0.4022239837795496
0.23019585013389587,-0.1416031327098608,-0.06367432698607445
-0.4171961322426796,0.19817505031824112,-0.12729685939848423
-0.10567562282085419,-0.47749329109986627,0.18067157020171484
-0.6351534575223923,0.6395151394729813,-0.2286106922353307
1.5276467502117157,-1.1995767131447792,0.6135093544920285
0.30037862062454224,-0.1663125058015188,-0.09163154164950049
-0.8194904252886772,0.15249641736348468,-0.250146963323156
-0.882300853729248,0.4775793179869652,-0.12195865934093797
0.8256949000060558,0.11587711547811824,0.12441419561704004
-0.9972943887114525,0.33223857889728003,0.14404935230656216
0.7273421883583069,0.44113411754369736,-0.19291479637225462
0.8572518080472946,-0.5702363215386868,0.5369424695769945
-0.8279517889022827,0.3884332776069641,-0.04209206998348236
-0.20770962536334991,-0.03425819939002395,0.2163019278086722
-0.07274549081921577,-0.11673760786652565,-0.16963390447199345
-0.3700084984302521,0.08627328400810558,-0.004863480726877811
-0.8398025333881378,0.8763665901497006,-0.47717467571298283
-0.1621345579624176,-0.4677417228619257,0.40209304417173064
-0.8805706799030304,0.6061168511708577,-0.3032142240554094
0.7772054225206375,0.4154538561900457,-0.20124807457129162
0.3404540494084358,-0.2520978686710199,0.019812261685729027
-0.9908744618296623,0.5885004326701164,0.06849036117394765
0.7147203087806702,-0.1859073018034299,-0.0778197894493739
0.6262509599328041,0.14952962721387547,-0.21596866908172768
0.3931907042860985,-0.3397039547562599,-0.27801567564407986
0.08247020840644836,0.613812729716301,-0.3405211741725604
-0.35366374254226685,0.09859392046928406,-0.18538576985398925
0.012249380350112915,0.15440856665372849,-0.160841666162014
0.44808436185121536,0.06407833099365234,0.03257902587453525
-0.26771650463342667,0.22501940776904425,-0.004944089179237693
0.08698573708534241,0.13712969670693081,0.1585221563776334
0.4057081341743469,-0.6806640488406023,0.17259697119394937
-0.21456792950630188,0.02823371564348537,0.11766818662484488
-1.5197616517543793,0.5789727068816622,-0.33297573992361623
0.2396558430045843,-0.13354505101839703,0.12193228801091512
0.8301147371530533,0.1478795732061068,-0.23379108558098474
-0.7232165485620499,0.6479056775569916,-0.07188213616609573
0.18213292956352234,-0.43213442464669544,0.21539402753114703
-0.23462679982185364,-0.16440512984991074,0.2719007457296053
-0.22920957580208778,0.5358813864489396,-0.4719035451610883
-0.12555819749832153,0.03890167673428857,0.01214102904001868
0.5514112636446953,0.048472337424755096,-0.13342098519206047
-0.018763571977615356,0.5675995275378227,-0.21759433796008426
-0.7912416458129883,-0.1312975473701954,-0.10148452470699947
0.42448270320892334,-0.7566549877325693,0.26343269646167744
0.020285628736019135,0.40127244715889293,0.027346857512990652
0.32734280824661255,-0.3986607789993286,0.6662995927035809
-0.38120584562420845,0.5559585367639859,-0.14168723796804744
0.4886602759361267,-0.5345972049981356,-0.3086355943232775
-0.7029402740299702,-0.09986188635230064,0.17420168841878572
0.6034996993839741,0.15805575872461,0.026973883310953795
0.14174111187458038,0.7912728885809581,-0.4720019673307737
-0.501441091299057,0.3730252906680107,-0.007861631611982979
0.03513360023498535,0.10222794612248731,0.37910602241754543
0.24911817908287048,0.047400619834661484,-0.1105071964363257
-0.15678143501281738,0.08815359200040496,0.04487479105591774
0.27033472061157227,-0.06635589897632599,0.299786036213239
0.2473982274532318,-0.3902292251586914,0.3554575741291046
-0.13604143261909485,0.0337897464632988,0.0631152888139089
-0.6155743226408958,0.5493815342585245,-0.2885808981955051
0.0991775393486023,-0.137516071787104,-0.18677128998873135
0.9746662378311157,-0.02774317810932797,0.23036392778158193
-0.5992795489728451,0.5233630153040091,-0.11159425166745979
-1.5225567668676376,0.9883489658435185,-0.43392650783061976
-0.018902286887168884,-0.01335942248503369,0.0993163920938969
-0.43175657093524933,0.7027031326045592,-0.5114349679400523
0.4304060786962509,-0.2976775849238038,0.07950764646132785
0.31051573902368546,-0.7124431729316711,0.3367436155676842
0.44553788006305695,0.043656562765439354,-0.1432249452918768
0.19666698575019836,-0.6388207400838534,0.24532616014281908
-1.4673449248075485,0.9288427333037058,-0.32241764167944587
1.0907929614186287,-0.16733576605717343,-0.027085968603690447
0.9136115536093712,-0.07240102936824161,-0.0015479202071825848
-0.7507967054843903,0.46521182606617606,0.0830942417184512
0.7447675988078117,0.32484177500009537,-0.2233456801623106
-1.2723285555839539,0.6749325369795163,-0.11975948512554169
0.3988126814365387,-0.8705221867809693,0.6713566835969687
-0.9431298822164536,0.6574555796881517,-0.27098733807603514
-0.1371624767780304,-0.0866251985232035,-0.1666887402534485
-1.1937933713197708,-0.10256530344486237,-0.23144454509019852
-0.6502616442739964,0.4251021451006333,-0.32732255446414155
-0.32816001772880554,-0.0964479148387909,0.21848288923501968
-0.29874715209007263,0.35335364441076916,0.4006449971348047
1.2008719146251678,-0.48611488845199347,0.5934910677994292
-0.16318973898887634,0.34192532611389953,0.06671094708144665
0.4858488440513611,0.11450198541084922,-0.4030884429812431
0.18628638982772827,-0.6750890438755354,-0.05512042840321851
0.6401292644441128,0.011466406285762787,0.14484450469414392
0.309054970741272,0.4038075264543295,-0.24574181002875173
-1.0738887153565884,0.2141469493508339,-0.26498208567500114
-0.30344074964523315,0.781212384502093,0.051035381853580475
0.5962915271520615,-0.36952871084213257,0.3357633985579014
-0.36857450008392334,0.3388856189946333,-0.07197721550861994
0.6902002543210983,0.1984676743547122,-0.1466339950760206
-0.5408582501113415,0.18135712047417957,-0.21960078676541644
-0.43046677112579346,-0.0751151939233144,0.016587863365809086
0.5148927122354507,0.4022940546274185,-0.28703709940115607
-0.057049572467803955,0.15226288636525476,-0.08532663745184743
1.68418350815773,-0.34065408507982886,0.47409356137116754
0.5099237561225891,-0.2085091918706894,-0.05968994212647277
-0.6387562938034534,0.766888382534186,-0.22222910200556117
-0.2409147471189499,0.0612674628694852,-0.2776830630997817
0.5518357008695602,-0.39689268295963603,0.07841378326217333
0.2029869109392166,0.37427956983447075,-0.08443093672394753
-0.5862387716770172,0.8616554041703542,-0.4494760036468506
1.2513682544231415,-0.9587290734052658,0.08306919472912946
-0.3053249381482601,-0.057187873870134354,0.127552072207133
0.27843645960092545,0.37830062458912533,-0.153711440662543
-0.7298387289047241,-0.10034926515072584,-0.09611953267206749
-0.1955467276275158,-0.059049883236487716,-0.03366856525341669
-0.5443633794784546,0.3410532946387927,-0.34008113294839865
-0.8076658472418785,0.10436085114876428,0.33771931628386187
0.6143494248390198,-0.40897297859191895,0.35226030151049303
0.09010181576013565,0.03886653669178486,0.13440353112916154
-0.3244064450263977,0.621798933794101,-0.6246903613209724
-0.44457051157951355,0.09558922052383423,0.10696830352147424
0.4500444531440735,-0.5300479407111804,0.27463800180703407
0.7512340396642685,-0.3296242194871108,0.26974183196822804
0.7123488858342171,0.05020907086630663,0.002876678481698036
0.24355146288871765,-0.25873983527223265,0.03961211318771041
0.02080390974879265,-0.08347183838486671,-0.17039692774415016
-0.46740310080349445,0.3549080633868774,-0.33926679131885373
-1.2459565997123718,0.44889223078886664,-0.3812362626194954
-0.4402989214286208,0.07294364428768557,-0.17456417903304106
0.25080278515815735,-0.630696160097917,0.337845986088117
0.3235008716583252,-0.4030382211009661,0.09837869058052695
0.12723383679986,-0.0799385936309894,0.0492501687258482
-0.06734605692327023,-0.33601434187342727,0.26493841130286455
-0.6609910279512405,-0.20001588637630144,0.21130781993269918
0.5068806447088718,0.1450112996002038,0.16187956184148788
0.5460124984383583,0.08323797086874646,-0.2356106514732043
-0.17517855390906334,-0.24008744830886525,-0.04423774934063355
-0.8507265001535416,0.11544907589753473,0.21510822077592212
-0.4172898530960083,0.2894136781493823,0.26307303458452225
-0.15438534319400787,0.20797715336084366,-0.17288221791386604
0.3883194923400879,-0.5870911180973053,0.2447142073263725
-0.34015146270394325,-0.47230785712599754,0.27519282201925915
0.474683552980423,-0.5941970317314069,0.45265234137574833
-0.3578770309686661,0.004025703916947038,0.179065076323847
-0.09314235299825668,-0.42669713993867237,0.504832627872626
0.3369220830500126,-0.22919219980637234,-0.38045865794022876
-0.07864153385162354,0.7307541618744533,-0.12121074398358661
0.07942697405815125,0.5484411257008712,-0.2311306844154994
-0.2861458361148834,-0.095073152333498,0.10508447947601479
-0.25442802906036377,0.717442083482941,0.10723653746147951
0.9756917059421539,-0.29830169181029,0.29783434669176734
0.015430323779582977,0.7965424340218306,-0.6503593108306329
-0.4330025017261505,0.695690272996823,-0.36526748165488243
0.1939449906349182,0.009934720893700899,0.200651116669178
-0.2660117745399475,-0.5337151785691578,0.698699690401554
-0.4144556149840355,0.6168269564708074,-0.1922719857345025
0.9443485084921122,-0.3365504189083973,0.12265258282423014
0.029432356357574463,0.3398235018054644,0.06089743971824646
-0.35715484619140625,0.10997154812018076,-0.15833517412344614
0.7977186143398285,0.0482622521619002,0.04897944380839666
1.55362206697464,-0.26234518736600876,0.062139139355470774
-0.09129882603883743,0.008681046466032682,-0.5782754085958004
-0.6848646253347397,0.3513836140433947,0.03475072979927063
0.14551061391830444,0.007207013666629791,-0.06782597303390503
0.41012023389339447,-1.0307198365529378,0.36946173508961994
-0.696344643831253,0.42145365476608276,-0.04359932243824005
0.49226716719567776,0.08102788465718429,0.1944468878209591
-0.14043612778186798,-0.15195324023564658,-0.18614493310451508
-0.4602966457605362,-0.1103157177567482,0.07400990153352421
0.6683249585330486,-0.270293977111578,0.41423663403838873
0.7576888203620911,-0.172621488571167,0.08347787211338681
-0.36424408853054047,0.32918510834376014,-0.40522274250785506
0.7073280736804008,-0.5183579611281554,0.2117589948077997
-0.516319215297699,0.42181308567523956,-0.17618839939435327
0.5744133293628693,0.394051402186354,0.0005764830857515335
-1.9043997824192047,0.3003658118347327,-0.41985213508208596
-0.7474212199449539,0.2928648591041565,0.0777234981457392
-0.0282122939825058,-0.09545056273539862,0.008587809900442778
1.4339521080255508,-1.3362976498901844,0.28884754329919815
-0.42314111441373825,0.43042466168602306,0.03877007961273194
-0.09619076550006866,0.002302149931589781,-0.058358522752920805
-0.2468116730451584,-0.13234042997161546,-0.1608429023375114
0.30435460805892944,-0.2539374182621638,0.24203934520483023
-0.2133854329586029,0.005336950222651238,-0.18937137660880898
-0.7549480497837067,0.26164747898777324,-0.26402828221519786
-0.07174715399742126,-0.39753593504428864,0.13412418092290562
-0.25441041588783264,0.23175131032864252,0.16058082878589633
0.14931857585906982,-0.05317894990245503,-0.058871200929085404
-0.01620382070541382,0.08490198850631714,-0.14659661054611206
-0.09821675717830658,-0.06256054590145749,-0.009266215066115024
1.1029426455497742,-0.5383390560746193,0.2855745231111844
-1.3283568024635315,0.7272696048021317,-0.19112582008043932
1.3948396891355515,-0.5539394163837036,0.417683561022083
-0.48978935182094574,-0.12131772438685096,0.1348284135262171
1.547323077917099,-1.1095238036165636,0.48995063081383705
-1.0644693151116371,-0.10022877963880698,0.40118356856207055
0.6663215234875679,-0.28009045869112015,0.05241152147452037
-0.7230966128408909,-0.5104670142754912,0.3531928127631545
0.09883712232112885,-0.4656537293146054,0.20232906192541125
-0.8207184374332428,0.09586201608181,-0.5657202576597532
0.050388969480991364,-0.3566450184832017,0.17770706986387572
0.9110695719718933,-0.4863080109159152,0.11173264806469282
0.23678606748580933,0.029185595611731202,0.008963953082760184
0.31061428412795067,-0.1706025811533133,0.21933572242657343
0.7623373866081238,-0.6887921740611395,0.08292886428534985
-0.20113159716129303,-0.14034599127868813,0.15316634625196457
0.1260685995221138,-0.5722238446275393,0.034991612037022835
0.4817315340042114,-0.15248894443114597,0.22743858397006989
-0.09317376464605331,-0.8880528534452121,0.4903908918301265
0.4230789542198181,-0.23394479726751646,0.319337610155344
1.0538275241851807,-0.8904837444424629,0.44198394597818447
0.11745809018611908,-0.3726315926760435,0.12187188770622015
0.6515794843435287,-0.5225711464881897,0.2719082410136858
0.3345304876565933,0.66157091781497,-0.19309517027189335
-0.6826815828680992,0.7138002042969068,-0.380003571510315
-0.1831953525543213,0.2131016949812572,0.27278060714403773
-0.9808913469314575,0.0026829342047373084,-0.08976350476344419
-0.9181020557880402,0.05121478686730069,-0.053114575644334194
0.2923300862312317,-0.16833369061350822,-0.1858416696389516
0.19381871074438095,-0.2861363235861063,0.07967907128234704
0.025491178035736084,-0.04188067714373278,-0.15385798116525007
-0.27342577651143074,0.39029382541775703,-0.40358066807190573
-0.045809268951416016,0.10133771598339081,0.07501181463400519
-0.5755378901958466,0.5257462784647942,-0.4644972110788027
0.28021928668022156,-0.260597196718057,-0.1438685323422154
-0.43580353260040283,0.2982503178839882,-0.10122533825536567
0.8817414790391922,-0.24665779868761697,0.3721698075532913
-0.6674598753452301,0.2658515088260174,-0.11240209763248765
0.2918701171875,0.12028073271115625,0.2528355034689108
-0.21011779457330704,0.38261217872301734,-0.36706203098098433
-0.6936704218387604,0.34608755152051646,-0.3150004534982145
0.43822912871837616,-0.6961152851581573,0.16157155235608417
0.5496243834495544,-0.15854445099830627,0.07621838649113966
-0.7183102518320084,0.07094418009122216,-0.11267648637294769
0.09936922043561935,0.5264875094095867,-0.6889607459306717
0.038106054067611694,-0.4578547353545825,0.10300082775453727
0.49676864594221115,-0.4258048248787721,0.29146583875020343
-1.0979977250099182,0.723326067129771,-0.07185710221529007
0.8394813984632492,-0.886555810769399,0.3936797504623731
0.8992952257394791,-0.43774267596503097,-0.10085772722959521
0.4982702285051346,0.022789955139160156,-0.13477774585286773
-0.11664317548274994,0.04747516165177028,-0.44528086731831235
-0.7589317858219147,0.22278226415316263,-0.11582707675794761
0.503916896879673,-0.15276211872696877,0.2780257711807887
1.2294390350580215,-0.364913746714592,0.31389145180583
-0.306512288749218,0.32092711329460144,-0.05638153540591395
0.4643503725528717,-0.1652410328388214,-0.04090980688730872
-0.31719978153705597,0.09686596070726713,-0.18764886632561686
0.015130460262298584,0.5875791311264038,-0.22738893764714402
-0.6677264794707298,0.833229328195254,-0.5342851628859838
1.2210361286997795,-1.1951993331313133,0.7078493249913057
-0.06180347502231598,0.2924988145629565,-0.41708748663465184
0.3387313075363636,-0.3579040380815665,0.34524983043471974
-0.11782079935073853,-0.729351402570804,0.05570788060625395
0.2516595181077719,-0.21196483882764977,-0.1074012542764346
-0.7335529252886772,0.3710839332391819,-0.1382549125701189
-0.2768329381942749,-0.006615842382113157,-0.17027755081653592
0.6126877963542938,-0.12575514117876696,0.2884861230850221
0.25475209951400757,0.1328694348533948,-0.6397606420020262
0.5181431770324707,-0.3943968936800957,0.1653852015733719
0.12133336067199707,-0.2931433518727621,0.1109120100736618
-1.369759052991867,-0.5607853879531224,0.28915375471115107
-0.05862235277891159,-0.14833731949329376,0.07597902215396365
-0.1402522400021553,0.21127688636382422,-0.10345358898242316
0.5728172808885574,-0.1260056123137474,0.07214655230442679
-0.5888347029685974,0.49916507800420123,-0.34582810662686825
-0.10681241378188133,0.26844675963123643,-0.25020137305061024
-0.1813066303730011,0.216617946823438,-0.15158965066075325
0.19441527128219604,-0.02360915144284559,0.21213790153463674
-0.60644874535501,0.33423941768705845,-0.22522173449397087
-1.1596669703722,0.6065616806348164,-0.3616039684663216
0.5897572040557861,-0.2799510024487972,0.08363988436758518
0.15457338094711304,-0.48111041511098546,0.20528317739566165
0.4612102657556534,-0.03354697550336519,0.04991006602843602
0.21345320343971252,-0.41870415831605595,0.10534740549822648
0.7981285899877548,-0.718974788983663,0.3029485971977313
0.056208834052085876,-0.13010910898447037,0.005196494360764858
-0.2916778586804867,0.10895067825913429,-0.2939869736631711
-0.13721120543777943,-0.11603494919836521,0.060424815863370895
0.55045285820961,-0.4068835924069087,0.17603826771179837
-1.247947745025158,0.3967137522995472,-0.028131560732920963
-1.0196831226348877,0.8182502885659536,-0.5200231969356538
-1.2703455686569214,0.9357367567718029,-0.6140919737517834
-0.6547358185052872,-0.18663529555002847,0.17670849710702893
-0.5847057104110718,0.3439471870660782,-0.049197953194379807
-0.32363124191761017,0.373674434920152,-0.43630342433849967
0.30018556118011475,0.988213578859965,0.04685534909367561
0.7095506452023983,-0.2870402249197165,0.39110757845143473
-0.44865816831588745,0.5676911106954018,-0.04885865251223247
-0.4428653419017792,0.18694385762015975,-0.07902127380172408
0.19935023225843906,-0.43969589844346046,0.3843318447470665
0.4901689291000366,-0.9657037208477656,0.48568012937903404
-0.14595583081245422,-0.36467786133289337,-0.30666272932042676
0.38319481164216995,-0.06932230852544308,-0.02598440709213416
-0.13689064979553223,0.27788232515255606,-0.12765037827193737
0.009296655654907227,0.24396821856498718,0.27953694139917695
-0.4525167718529701,-0.11300935099522272,0.1077691800892353
-1.4526511132717133,0.8640881255269051,-0.036246874680121735
-0.031825922429561615,-0.3099447886149088,0.32294940265516436
-0.47878100723028183,0.5162311171491941,-0.3047763941188653
-0.02511112578213215,-0.3698593725760778,0.0657149845113357
-0.8805516362190247,0.18974613149960828,-0.023808419704437256
0.10949359089136124,-0.13378514846165973,0.02171842878063518
0.005716964602470398,0.17901482929786044,0.005441458895802498
-0.15487316250801086,0.14715048422416055,-0.05715843290090561
-0.520542711019516,-0.27984535694122314,0.1628757524304092
0.7562017366290092,0.051557060331106186,-0.3603249912460645
-0.12977563589811325,-0.16569367175300914,-0.2509113022436698
-0.19116341322660446,0.7232065772016844,-0.2995047631363074
-0.34196333959698677,0.2845551632344723,0.21676542485753694
1.0633570849895477,-0.4794045823315779,-0.09421914940079054
-0.7357898727059364,0.03453504915038741,-0.13942430789271987
1.1778237223625183,-0.5846565328538418,0.3216998931020498
0.23911066353321075,0.21609881271918616,-0.19261350358525914
0.3064826801419258,-0.24013570696115494,0.01271280087530613
0.9205058068037033,0.031038738787174225,-0.14383611952265102
0.04182347655296326,-0.2582720120747884,0.42202474921941757
0.3804265633225441,-0.20568928867578506,0.14989673097928366
0.7909314781427383,-0.4207501995066802,-0.15126506052911282
-0.058311156928539276,0.12021336952845256,-0.0653538132707278
0.016751885414123535,0.3877924059828122,0.01648278658588731
0.5790584683418274,0.051502834384639984,-0.10256308379272616
-0.26305872201919556,0.33949416130781174,-0.38706224877387285
-0.4220184236764908,-0.5911292334397634,0.24578078587849939
-0.3730166256427765,0.2199890185147524,0.05655651601652306
0.7785466834902763,0.2605413322647413,-0.3591446609546741
0.26910823583602905,-0.058351993560791016,-0.009895098706086475
-0.9535454362630844,0.27586961537599564,-0.3855915352857361
-0.4683433845639229,-0.027876061697800963,-0.06562314430872598
-0.9641073942184448,0.4278451154629389,-0.21479574590921402
0.3086196631193161,0.4474016409367323,-0.2845696962128083
0.3813449740409851,-0.001177055761218071,0.03094232641160488
-0.5746021997183561,0.12735650626321635,-0.13019447401165962
-0.29180873930454254,-0.18921922271450362,0.30059777572751045
-0.7206467855721712,0.357910751675566,-0.1350114718079567
-0.22222301363945007,-0.04534224420785904,-0.08833979070186615
0.5196571052074432,-0.01819499085346854,0.19324075120190776
-0.48838096112012863,0.19084274272123974,0.11253883689641953
-0.9706539809703827,0.3631887324154377,0.04366135969758034
0.10763351619243622,-0.18892180919647217,0.3953510361413161
1.5790783427655697,-0.11663675804932912,0.08199401323994
-0.2131582535803318,-0.050054654479026794,0.08022268116474152
-0.7851581871509552,0.2623201857010523,-0.43120647966861725
-0.2004769928753376,0.14015798022349676,-0.31233842236300313
-0.015247434377670288,-0.0862680971622467,0.1474887579679489
-0.5153612717986107,0.4749738499522209,-0.518326664964358
-0.2745227813720703,0.4822885983934005,0.12451576751967272
-0.8073148354887962,0.8670076206326485,-0.3474973924458027
0.0592464804649353,-0.8711693150301775,0.08735952898859979
-0.7580863684415817,-0.026973752925793293,0.29961940149466193
-0.36989283561706543,0.695055365562439,-0.12037393699089688
0.8281255215406418,-0.3915747043987115,0.1875565697749456
-0.3977074362337589,0.35065262640515965,-0.18119240862627825
0.371423602104187,0.38479944566885627,-0.27510438921550906
0.891632940620184,-0.5088733012477558,0.1635881985227267
0.4772278070449829,-0.5439293527354797,0.3129818880309661
-0.4557003751397133,0.24953673360869288,-0.2359546604566276
-0.4077356457710266,0.22208597262700402,0.0648898382981618
-0.3652196153998375,-0.2059180022527774,0.03235025765995184
-0.8842223808169365,0.02989369879166285,-0.16315541105965772
-1.0311713814735413,0.5258536835511526,-0.07432040820519137
0.12608147412538528,-0.25791620214780175,0.10307403405507407
0.976773589849472,-0.29769789924224216,-0.02177915225426358
-0.4436328373849392,-0.35243714724977815,-0.01092390591899553
0.8832364678382874,-0.39784473180770874,-0.3116549948851267
1.274027168750763,-0.6449928730726242,0.09595540227989358
-0.18973246216773987,0.13447915265957516,0.03689783314863837
-0.657281219959259,0.8142091333866119,-0.03528533255060512
0.4020782932639122,0.058838325242201485,-0.2647725573430459
0.2745354175567627,-0.05633059640725446,0.2636151984333991
-0.3369184471666813,0.18507513279716176,0.09049502511819202
-0.010683447122573853,-0.02359168728192651,0.03961726526419329
-0.6686111688613892,0.3451504409313202,0.20349805305401492
-0.25854945182800293,-0.37245149413744605,0.010549336671829224
-0.34754741191864014,0.5753144634266695,-0.3696650043129921
0.15070444345474243,0.67887894064188,-0.1797171433766683
-0.3547046482563019,0.5622700198243061,-0.33837020210921764
0.6783320903778076,-0.2784183509647846,-0.009836846341689427
-0.02729954943060875,0.522505383938551,-0.4820965925852458
-0.3498351201415062,0.14290008197228116,-0.14646154393752417
-0.04191850125789642,-0.2250390996535619,-0.17725437258680665
-0.17493611574172974,-0.1314171788593133,-0.12337526554862659
1.371844470500946,-0.6841531321406364,0.40690435469150543
0.06189122796058655,-0.635549503689011,0.171067721520861
-0.20539669319987297,-0.26254154617587727,0.3030616855248809
0.4305832087993622,-0.39960348792374134,0.169853787869215
1.0188647136092186,-0.6043044415613016,0.3527441434562207
