1931-1940,1991-2000,2001-2010,2011-2018
0.17439338006079197,-0.04949828237295151,0.010417529847472906,-0.47408914705738425
-0.12534424227972826,0.4252660136669874,-0.17461521849036216,-0.3225893508642912
0.0922155431471765,0.2259500847198069,-0.10288127707317471,-0.11847446067258716
0.4719707425683737,-0.28704255521297456,0.12387282103300096,0.01522202417254448
0.24324348801746964,-0.08295703018084169,0.11279241964221001,0.14675986766815186
0.007311348492900549,0.4373766418546438,-0.8327460784465075,-0.2182875405997038
-0.02041940577328205,0.06136437244713305,-0.160953195951879,0.020672199316322803
-0.3574202513943116,0.3015943344682455,-0.24737024009227754,0.3623383939266205
-0.2746367606644829,0.044829810410738,0.23660347131080925,-0.27511773747392
0.27327097672969103,-0.2386624487116933,0.1263214871287346,-0.6320266649127007
0.09129256134231883,-0.5349301017820836,-0.15281511545181276,0.6119242701679468
-0.019449630907426296,0.3541885933838785,-0.04434003010392189,-0.3565334863960743
0.5841834483047327,-0.6567387782037258,0.20264754593372347,0.05409897863864899
-0.29050641506910324,0.04222873430699109,0.2266148941591382,0.02495134249329567
0.15335157761971155,-0.2675886020064354,0.13750416748225688,0.38931467570364475
0.5006128052870432,-0.6614645436406136,0.23600538270547988,-0.4825947810895741
-0.22458338333914676,0.5234850227832795,-0.056971204653382346,-0.37565610371530056
0.7569425826271375,-0.2677633501589298,-0.22729061171412468,0.16936558857560158
-0.24599682989840707,-0.11883837888017296,-0.009982197359204303,0.5533787459135056
0.2989946727951368,-0.07698780950158834,-0.2529608914628625,0.26636140141636133
0.09300647520770627,0.05194109138101338,0.08319625705480577,-0.02875187247991562
-0.24309389665722847,-0.570388326793909,0.37282745391130445,0.34490304440259933
-0.19807849576075875,0.29776472598314285,0.05550670623779297,0.00796404480934143
-0.5583738529433806,0.30598500557243824,0.10497948341071606,-0.6290209032595158
0.02803676947951317,-0.16808058321475983,0.0681726261973381,-0.15232573449611664
-0.20801260073979688,0.4086892843246459,-0.8790110830217599,0.09857978112995625
0.14468996102611226,0.571561585366726,-0.4749539747834206,-0.28562162071466446
0.10275908970894915,0.09159514382481576,0.09692636802792548,-0.17878462746739388
0.22852504501740137,-0.2023467816412449,-0.2893766812980175,0.7172341421246529
0.28615538294252474,-0.46355632806953506,0.15920059594791383,-0.0878104082075879
0.13996272141230293,0.16851903742062857,-0.5268845468759537,0.6288911886513233
0.18174583464860916,0.03898396044969554,0.6168652970343829,-0.6521640885621309
0.2537123020738363,-0.4267423775047064,0.07406091392040254,0.14704832434654236
-0.12132833277185759,-0.10968245193362236,-0.08643332868814468,0.1431838497519493
-0.23238747101277113,0.3999240489676595,0.05246812403202056,-0.09178346395492554
-0.045657518630226435,0.47903803288936614,0.20375924073159696,-0.38406788371503353
0.1525102974846959,0.574830642156303,-0.3996210724115372,-0.2462492361664772
-0.21604281167189282,0.19218520782887938,-0.11053758636116984,-0.006506580859422684
-0.35958455487464863,0.4585109637118876,0.718312768265605,0.13956735096871853
-0.48185687279328704,0.017461837152950466,0.012365073547698557,0.6270212382078171
-0.48952732087733847,0.2869714637752622,-0.14131021797657012,0.18317966535687447
0.35378694782654446,-0.3318766295909882,0.20911701638251545,0.39667847100645304
-0.3829574783643087,0.4546125829219818,0.04211121750995517,0.2273655910976231
0.29496947986384237,0.00544308088719847,0.06940275654196737,-1.0873893424868584
0.14585261419415474,-0.034490612149238584,0.2329409893602133,-0.2499059047549963
0.2956319482376178,-0.853395938873291,0.5730265453457832,-0.2758314162492752
0.41548742167651653,0.18765257783234118,-0.5054627658799291,0.31653176713734865
-0.02855342999100685,0.042372407764196374,0.36720978245139124,0.46154577657580376
0.20996198182304698,0.029759308695793157,0.05452349372208118,0.0017915198113769293
-0.23372995511939132,0.029816775023937203,0.1945401966571808,-0.15223461389541626
0.06963800018032396,-0.1559255659580231,0.18405554965138438,0.25786970742046833
-0.050598664830128315,0.12944882474839692,0.35703278779983516,-0.3672536611557007
-0.28481520464022947,0.39772456139326096,-0.5345272123813629,-0.009243577718734741
0.1393555998802185,-0.011865648627281178,-0.4460666298866272,0.7691822648048401
-0.24227659652630487,-0.19794130772352214,0.17883144021034236,0.04342135041952133
-0.2395782085756461,0.1071595810353756,0.5827943757176399,-0.18969795107841492
-0.8713959030186137,0.27455331161618235,-0.45662381276488306,0.5086290054023266
0.04204827671249711,-0.43249660588335237,0.4342024163110181,-0.7018290013074875
0.09633633556465308,-0.03955094702541828,-0.4428479727357626,-0.08094500750303268
0.033244436296323926,0.049582835473120215,0.3256370134651661,-0.7252853289246559
-0.0028532023231188433,-0.23025053963065148,0.3635349407792091,0.05350452195852995
0.15525510837323964,0.05451277415268124,-0.02747348025441171,0.1580648384988308
-0.06224803042520455,0.7795652470202186,-0.2614447606727481,0.1966219348832965
-0.1284861428042253,-0.11518284454941752,0.07288636788725855,0.34466803446412086
-0.07361601417263347,0.20100760459899902,-0.2150942161679268,-0.23432821780443192
0.23192700743675232,0.1198342204093934,0.06308236122131339,-0.02022528648376465
-0.2000685681899389,-0.10924764941446485,0.14731299350969496,0.011914297938346863
0.11661356563369434,-0.17942625358700753,0.16703647845424713,-0.3014379853848368
0.3377210237085819,-0.5772056803107262,0.06402018945664167,0.15746657643467188
0.45689551074368256,-0.7440419444348663,-0.1803961500525475,-0.22668833285570145
-0.014213559217751026,-0.43597232550382614,0.19374588504433632,0.13101939484477043
0.613383017713204,-0.07573494114913046,-0.14786373674869538,-0.3158973753452301
-0.22572275654723245,-0.30013617798686026,-0.07989096716046333,0.4882266381755471
-0.03496013581752777,0.22426442950963973,-0.4428125932812691,-0.1813221573829651
0.39330334961414337,-0.2725938409566879,-0.24821370840072632,0.33198222517967224
-0.09013988496735692,0.2332781654782593,-0.3041253577917814,-0.019343161955475807
-0.5241271331906319,0.32328894883394244,0.029354764521121957,-1.445978119969368
0.20093119144439697,-0.19689180999994282,-0.37394033074378963,0.6210177838802338
-0.17711161697904268,-0.130469032144174,0.005640049045905468,-0.24428807199001312
-0.057059855200350285,-0.10022456254810097,0.010172207467257999,0.12479016650468111
0.6753871738910675,-0.328419777750969,0.01993818879127507,-0.2092510461807251
0.25212448959549266,-0.09041200280189514,0.2456874752417207,0.009583313949406147
-0.40856845948534704,0.39479767926968634,-0.16056268103420734,-0.1301002223044634
0.20331395107011002,-0.019316821917891497,0.46312725227326157,-0.44349593576043844
0.5135393893967072,0.3143153999000788,0.07732711005955935,0.09091905038803816
0.6884000276525816,-0.8077779602259397,0.6290182400494814,0.1367731411010027
0.15926800047357875,-0.22289468259550632,0.05811777622438968,-0.12482566386461258
0.6254774493475755,-0.4314675249159336,0.24441010896116494,0.4091104632243514
-0.4532902603968978,-0.059317500330507755,0.295581336831674,-0.3342414235230535
-0.3226235744853815,-0.21797243686160073,0.490263702289667,-0.4298654571175575
-0.65284563601017,0.5231068104505538,0.40066252201795577,-0.40713147073984146
0.5905159354830781,-0.25352560095489024,-0.24864873178303243,0.16360381245613098
-0.03715590698023637,0.2489187937229872,-0.11342472825199368,0.18287662509828806
-0.34232774873574573,-0.1332243740558624,0.6015843398869037,-0.4012652672827244
0.8672111425548792,-0.5399105563759804,-0.1971556417644024,0.034764502197504044
-0.12225825463732082,0.4983313374221325,-0.32998225309420376,0.834645330091007
-0.13444611678520835,-0.049475368391722396,-0.3231219460256398,-0.10030987858772278
-0.8151154834777117,0.771230923011899,-0.8341503292322159,0.8892567679286003
-0.548095628619194,-0.11001195907592776,0.09317920785397293,-0.12772133480757475
0.4571051898722847,-0.25421786326915025,0.11386007741093636,-0.2697374802082777
-0.2291615786962211,0.029324826598167417,0.26806261676829307,0.0915038735838607
0.24322864537437758,0.232778862118721,-0.6464095897972584,-0.154067974537611
-0.258696504868567,-0.3956079993396997,0.4165252938866615,0.024126477539539337
0.0403396279240648,-0.0399478749372065,-0.021018906403332954,-0.19453171640634537
0.4144649825369318,-0.39353989996016026,0.19867802783846855,-0.17117078974843025
0.07857999267677468,-0.3559791431267513,-0.34998792042315474,0.49890489922836423
0.5004624823729197,0.28699364811182027,-0.2860938116908074,0.6082322224974632
0.0807519843801856,-0.1428452573716641,0.05996977090835576,0.318464532494545
-0.5455418645093839,0.23935431949794292,0.16085718865506352,0.49923640792258084
-0.0749821079274019,-0.1825619488954544,-0.015936903655529022,-0.7737113907933235
0.12547960070272288,-0.05153598226606848,0.32557330243289473,-0.48840039782226086
0.1286064659555753,-0.26764775812625885,0.24816526472568512,-0.3656692113727331
-0.22281636383074027,0.48087982572615146,-0.4979727167636156,0.8046496585011482
-0.4028860239777714,-0.22158170356415213,0.19804479628801347,0.15505071729421616
-0.014249129220843315,0.35396121330559255,-0.43035778850317,0.22399436682462692
0.3427648240079482,-0.41334998793900013,0.3290611319243908,-0.06448406353592873
-0.7600577503132323,0.5569600432179869,0.06735440650954842,0.019818779081106186
0.12786707778771716,-0.8513517931103707,0.1548255413770676,-0.2838008254766464
0.09250633915265405,0.002204248309135459,-0.0957177631556988,0.10166500136256218
0.08865278214216232,-0.4895390570163727,0.3994318339973688,-0.2797564063221216
-0.014686679001897573,0.15827981969341637,0.08796203061938286,-0.04051082581281662
0.31976753969987237,-0.1562742561101913,-0.432477842271328,0.5006823465228081
-0.13062715142344433,-0.017769390251487494,-0.006234448403120041,-0.6292843036353588
0.5041672463218371,-0.29684057384729384,0.10309562664479016,-0.3710809675976634
-0.02719308901578188,-0.09984051529318094,0.444460017606616,-0.8302140384912491
-0.31799337950845563,0.6119775224942714,-0.4123285145033151,0.12482241727411747
-0.3057048072417577,0.3632383942604065,-0.11410541529767215,-0.13704456319101155
0.5517186249295871,-0.016410916298627842,0.15424010455608367,-0.4197694403119385
-0.39653901383280754,0.5709912786987843,-0.06931327011261601,-0.4719961918890476
-0.6613717870786786,0.603457354195416,0.13935891892760993,-1.048932938836515
-0.09046999116738638,0.033720838278532034,-0.10475376471877099,0.3614785522222519
0.5849587768316269,-0.3051752850413323,-0.09259212464094158,-0.11317990720272064
0.1368297624091307,-0.011926845461130153,0.13174770660698415,-0.10676939971745014
0.18160729979475337,0.28449757397174835,-0.14290591049939394,0.2152840020135045
0.1334901233203709,0.24311301680281758,0.3626168318092823,-0.41672782227396965
0.11554517845312756,-0.140424907207489,0.3196967183612287,-0.06888387864455581
-0.2798923527201017,0.2164959296584129,-0.17930917292833326,0.11333820968866348
-0.2723434350142876,-0.612333570420742,0.17667739726603032,0.6209418531507254
-0.15576937577376762,0.28319913279265163,-0.16398382782936097,-0.1340600550174713
-0.3179999068379402,0.2818863881751895,0.35417541246861217,0.12348124571144581
0.47001117281615734,-0.44042984060943124,-0.015139868576079601,0.6729383138008416
-0.20318606371680897,0.595250054448843,-0.1654804835096002,-0.0032177409157156944
0.15235844254493713,-0.3093926966190339,0.4483021184802056,-0.7316441684961319
-0.25043819596370065,0.2362407192587852,0.24167762063443665,-0.570154806599021
-0.5889088694627086,0.43059232239611445,-0.07971465927548707,0.004612518474459648
-0.22361530270427465,-0.152366235665977,-0.14047654457390307,-0.04493456892669201
-0.19662289569775265,0.08229323253035545,0.013165435194969183,-0.0857770899310708
-0.05850045134623845,-0.1858413003385067,0.2599322794005275,-0.4533360740169883
-0.021069698656598718,0.0992560276761651,0.09006953220814466,-0.25043260026723146
0.05208767081300414,0.04219847097992896,0.7437190979719162,-0.5298086702823639
-0.08147276588715613,-0.053230432560667396,0.4138309885747731,0.03114595217630267
-0.39885691615442437,0.42062307409942146,0.10731207900680606,0.4925981981214136
-0.3071805536746979,-0.31153796464204786,0.600395642593503,0.8940475042909384
-0.1375550314163168,-0.09618544150143862,-0.06398315876722335,0.5677569694817066
0.12389263107130924,-0.23589566573500634,-0.13037404008209705,-0.7495685052126646
0.41810763378938043,-0.45720965713262557,0.17989677116274833,-0.2936314707621932
-0.04422610315183795,0.0196502335835248,-0.11645692740567026,0.4506669081747532
0.2776486575603485,-0.3404256343841553,0.2982462137937546,0.06417270004749298
-0.2588589390312942,0.39093512900872157,-0.5187916483730077,-0.10522262938320637
-0.06367287908991176,0.09129888638854028,0.1049630895256996,0.21587777882814407
-0.5629524141550064,0.3577832251787185,-0.17574598342180248,-0.022246412932872772
-0.2630773261189461,0.11186547726392745,-0.46717918254435065,-0.5660998877137899
0.17165994054327405,-0.30620283391326675,0.14334501922130594,-0.7811309844255447
-0.002755371892514319,0.18143406210001556,-0.260199923440814,0.4079949790611863
0.4360353611409664,-0.2104978084564209,-0.0063188180327415355,-0.29937054589390755
0.6639730601261059,-0.7920954376459122,0.09109282493591309,0.3155933767557144
0.27070395392365754,0.19560877457261083,-0.16649668142199514,0.3341936022043228
0.4160066296656927,-0.3198284067213535,0.4273907363414764,-0.22871363162994385
-0.11928499490022659,0.23937682360410695,0.02541892491281028,-0.030776938423514366
0.045370498051246044,0.19175795018672948,-0.399168754182756,0.4527399903163314
-0.013116429249445588,0.13517976850271224,0.25008073896169664,-0.31193247623741627
0.14344423760970437,0.1106890320777893,-0.1862381987273693,-0.15904543176293373
0.11361365660559386,-0.22175467952620237,0.21662648320198058,-0.6079489439725876
0.21580737705032033,-0.5908490069210529,0.2656645536422729,-0.359089158475399
0.16870184351379675,-0.25021776044741273,-0.13992111384868622,-0.23125679790973663
0.573994335408012,-0.2855935413390398,-0.6341462135314941,1.3679339922964573
0.14658612416436276,0.20927234832197428,-0.27061206102371216,0.036295145750045776
-0.16122039531668028,0.3744065798819065,0.29243917763233185,-0.5253823399543762
-0.37934993145366513,0.6311524074524641,-0.4229863744229079,-0.17265739478170872
0.16573175198088091,-0.47600862849503756,0.44864753633737564,0.2972244117408991
0.03312482436498004,0.014876012131571748,-0.03277630303055046,0.28010600712150335
0.43372311753531295,-0.29551723413169384,0.6984930261969566,-0.6239411346614361
0.4563322563966115,-0.30825309455394745,0.6307547725737095,-0.8690696470439434
-0.3289372529834509,0.22210846692323682,-0.9094620406627655,0.4320954233407974
-0.275448452681303,0.10257338099181651,0.17142316959798337,-0.022780798375606537
-0.5619654587159554,0.20188958905637266,0.45805235430598257,-0.6150652952492237
-0.4327210212747256,0.23744997791945932,0.014493871107697509,-0.10644799470901489
-0.15353105900188288,0.4737675070762634,-0.45365760261192917,0.5482226782478392
0.08256928746898967,-0.05471879951655867,0.21801394373178484,-0.06448465026915073
0.3352455298105876,-0.08671421790495515,0.04040422523394227,-0.40429867058992386
-0.18763162319858867,-0.12678623870015143,-0.2409279800951481,0.002421688288450241
-0.04326913133263588,-0.11030723974108692,0.09577552676200862,-0.09006533026695251
-0.5586546535293261,0.49719955325126647,-0.3780362859368324,0.5929891839623451
-0.06836755077044165,-0.07353659868240359,0.06780948638916018,0.24909305572509766
0.050316172962387384,0.08098593801259996,0.06901489868760108,-0.4524212218821049
0.5177932075457647,-0.10821075506974012,-0.497103332169354,0.1512024151161313
0.09179066121578217,-0.7474227346479893,0.08849370703101156,0.2824553274549544
-0.6762621228893598,-0.04115716964006422,-0.08444575369358065,0.36653147637844086
-0.08097423393822585,0.16232453017728404,0.044959425181150425,-0.41258813068270683
-0.26649911080797517,0.42124758213758473,-0.0741562277078629,-0.39975687861442566
-0.302556565652291,0.22932243421673776,-0.3770524783059955,-0.12378925550729036
-0.1702054577569167,0.37883655317127707,-0.4120334699749947,0.904955230653286
-0.2416656619558732,0.6145673435181379,-0.5324888437986374,0.6408852562308311
-0.5082471768061321,-0.10649040713906288,0.6229317113757133,-0.1559504270553589
0.08162499343355495,0.13945157900452615,-0.15843833219259978,0.0060547417961061
0.3821277593572935,-0.01927768290042875,-0.5151635944843292,-0.07474908232688904
-0.2761454229863981,-0.338217468559742,0.4258818613365293,-0.7463607946410775
-0.0994998961687088,-0.025643849372863792,0.6043353244662285,-0.5765847340226173
0.056211086610952976,-0.11372053027153017,-0.2894218288362026,0.11464079841971397
-0.16618354494373005,0.009729117155075073,0.1583045870065689,0.4196534752845764
-0.09370167056719464,-0.04980844557285308,-0.1424127731472254,1.211589613929391
-0.642275208607316,0.1900703586637974,-0.18289961069822314,0.6358894184231758
0.48538060082743567,-0.7111360553652049,0.540490846335888,-0.46051571518182755
0.23811913343767324,-0.1546608604490757,0.4429672000929713,-0.9011415345594287
0.1793457604944706,0.11008113988209517,0.07788002311717718,-0.7167391385883093
0.011373297621806472,0.2405920434743166,-0.1999566402286291,0.39361072331666946
-0.20250613614916801,-0.0798755005002022,0.3709819480776787,-0.7147496119141579
0.18617560900747776,0.11397728733718396,-0.539838171005249,0.30022297613322735
-0.2793085488180319,0.343499306589365,-0.31013851147145033,0.15019727777689695
0.12392422184348106,-0.012372761592268938,-0.13346684388816357,-0.3388602174818516
-0.21818452452619874,-0.48258481323719027,0.357213427987881,-0.24788599845487624
-0.07998508960008621,-0.304497341811657,0.17585531780496244,-0.3401655019260943
0.20446979549402994,-0.12061652587726712,0.0754961771890521,-0.22967300098389387
-0.2918082537750403,0.6010705210268498,-0.22955288141965866,0.4626183584332466
-0.08319217960039776,-0.31750729978084563,0.3208067363128066,-0.2724474100396037
0.1774209787448247,0.019856036454439174,-0.13509586527943612,0.017758183181285858
0.23827272839844227,-0.47868036031723027,0.25651533082127576,0.7520287893712521
-0.07362278597429395,-0.15430746972560883,0.24346215277910233,-0.03741615265607834
-0.17408747350176174,0.34575838297605516,-0.20900953728705646,0.20030313823372126
0.0402785052234928,0.0026032423600554355,-0.2544221367686987,0.02589687518775463
-0.05484301061369479,0.2247099202591926,-0.30076193660497663,-0.0977964773774147
0.33235260595877963,-0.030565553158521608,-0.6959007812663913,0.5885079493746161
0.5948923329512278,-0.7957901895046234,0.4025383047759533,0.018971621990203857
-0.26907052875806886,-0.04914246443659068,0.07414044849574566,0.1859509740024805
0.5321342349052429,-0.3475013881921768,0.5536825828254223,-0.3814263977110386
0.23355865944176912,0.10261847302317617,-0.5227420538663864,-0.31430618464946747
-0.15414691561212143,0.1714450553059578,-0.34924828484654424,-0.13792119547724724
0.22382953017950058,0.17329525873065,-0.37022143155336384,-0.10610896535217762
0.14564835955388844,0.10439837737940252,0.11025350131094455,0.023566847667098045
-0.37117571926986176,0.18766441429033875,-0.2137799020856619,0.38675409369170666
-0.5492456282178562,0.21669988408684726,0.8109995231032372,0.4490692652761936
0.20591617639486992,0.05986480712890624,0.20269529782235624,0.05859317630529404
-0.16562649235129356,0.07423643171787261,-0.2138938434422016,0.1451108492910862
-0.2653086505209406,0.31154350060969593,-0.0014831103384495004,-0.06768910214304924
0.1369583811610937,-0.38027005791664126,0.856995714455843,-1.1132150329649448
-0.16015959158539772,0.4495426703244448,-0.4563587110489607,-0.6694136038422585
0.17346099639932314,-0.03638162463903427,0.08349713683128357,-0.05691627971827984
0.2216623319933812,0.15642991326749323,-0.8726655937731266,1.0727642811834812
0.06216734523574513,0.23194608166813846,-0.05217715427279468,-0.14820990338921547
-0.45377243061860406,0.34084354192018507,-0.06375922858715058,-0.7266085222363472
-0.011558319131533323,0.09701584875583649,-0.03733421439537779,0.2891086238087155
0.20616203919053078,0.46451314315199854,0.5248082265257835,-0.535569479689002
0.13668028141061464,-0.26982580292969943,0.3966574685648084,-0.7530212849378586
0.01013042964041233,-0.19830030836164952,0.1762249104678631,-0.2329300306737423
0.46383609374364215,-0.1828137718141079,0.2879173614084721,0.5124941095709801
0.2934402084598938,-0.3423508796840906,0.2634809585288167,-0.3328348221257329
0.5088356627772251,-0.15575676299631597,0.006156311184167873,-0.07578100636601448
0.16783986240625381,-0.03785831108689308,-0.2652240429306403,-0.20344300230499357
0.17520089028403163,0.46111585246399045,-0.47317089699208736,-0.44264052249491215
-0.1559901603808006,0.028618268296122573,0.09657674133777616,-0.4075841121375561
0.12734221977492172,-0.16385756507515908,-0.24530863780528306,0.35311507154256105
0.4426833914282421,-0.6505289915949106,0.46015687473118305,-0.12616819143295288
0.17140412516891956,0.12025719881057739,-0.028333554044365883,-0.21046760794706643
0.2622317774221301,-0.808991121686995,0.07381482198834421,0.2625737451016903
0.08164457495634755,0.14571666466072203,0.25835261419415473,-0.39914979599416256
0.6181838021924098,-0.6605184566229582,0.2991270892322063,0.21334144845604897
0.4938850967834393,-0.23786090184003114,-0.2583949467167258,0.24447981640696526
-0.020956998070081112,-0.36888825297355654,0.832661235332489,-0.46173399686813354
0.223781573275725,0.1445951566100121,-0.06593965291976933,-0.38830332458019257
-0.005706108796099819,-0.09722367860376835,0.13168580923229456,0.07285213842988014
-0.04063956439495087,0.12214200347661971,-0.0716633760370314,0.4126821425743401
0.011815667152404785,-0.30396246612071987,0.2790451378561556,-0.2626883597113192
-0.29193381468455,0.9497702047228813,-0.7307177037000656,-0.040247008204460144
-0.4673637797435125,0.46939164735376837,-0.3756166134029627,0.36130217649042606
0.0037512158354123387,0.13935238122940063,0.10008138790726662,-0.5246313326060772
0.4133849892144402,-0.24062191378325223,0.018817789480090143,0.23930908925831318
0.36045620780593407,-0.6135798705276102,0.26693914607167246,-0.23402921110391617
0.38908041985996533,-0.015102397001464846,-0.21685308581218124,0.09793807147070765
-0.16780214260021845,0.12998830452561377,-0.30737832486629485,0.2957761473953724
-0.4567217181126277,0.45990959256887437,-0.16681949123740197,0.5529417581856251
-0.13630432325104871,0.863996459543705,-0.2633425774052739,-0.5190487084910274
-0.1849801292022069,0.5855439499020576,-0.17521584830246867,0.16228618822060525
0.12886700530846915,-0.4466796711087227,0.1532566156703979,0.12904772791080177
0.25861099486549693,-0.42696094438433646,-0.06956865340471269,-0.20856234431266785
0.33860699708263087,0.18811456337571142,0.26913789808750155,-0.6491937786340714
-0.16824597089240945,-0.1615598564967513,-0.43852132093161345,0.9514448596164584
-0.3496908486510316,-0.23217713236808776,-0.2239037737250328,0.7938811108469963
-0.00921572744846344,0.6681881483644247,-0.46018383344635366,0.13850798038765788
0.06932727061212063,-0.07459505945444107,-0.11610231332015246,0.2615125038428232
0.5259245516111454,-0.3685686636716128,0.43412037491798405,-0.26259320974349976
-0.32605086391170823,0.45185000225901606,-0.8345961846411228,0.034565411508083344
0.6270503581811985,-0.5803406354039907,0.06281850710511208,-0.4082400668412447
0.35578440626462293,-0.7123847901821136,-0.21068723499774933,-0.5733442455530167
-0.025879920770724624,-0.4656406963244081,0.2976759659126401,0.44537269324064255
0.33447132942577207,0.13298132754862307,-0.5292313165962697,-0.42994842305779457
-0.1060203512509664,-0.1291591227054596,0.027757905423641205,-0.10042602568864822
0.447204810877641,-0.17118317633867264,-0.04758088290691376,-0.11928974092006683
-1.1883046925067902,-0.45578988790512076,1.0710823476314544,-0.4892137944698334
-0.5921845411260923,0.24412728697061536,0.3542561508715153,-0.5204854495823383
0.027636565966531634,0.641603508638218,-0.4548399258870631,0.24943558615632355
-0.38605388564368087,0.554978309571743,-0.5623555541038513,0.14543633442372084
-0.0053808679804205894,-0.5357769900932908,0.021074332855641843,0.5062078395858407
0.45314440969377756,-0.5624984564259649,0.08844533897936344,0.4229288827627897
0.5282125845551491,-0.32130223140120506,0.22399837337434292,-0.8677852880209684
-0.07510022539645433,0.48674716223031284,-0.4949519753456116,-0.18166809529066086
-0.2587693314999342,0.030697546899318695,-0.03582269698381424,-0.8257584199309349
-0.004439289992054285,-0.18399943560361864,0.20373322218656542,-0.15690066665410995
-0.5797866967817147,0.686114701628685,-0.3915411040186882,0.101480633020401
-0.8719630166888237,0.9696128129959106,0.14417154118418696,-0.06267574802041054
-0.3244070690125227,0.2929028686136007,0.13881395161151885,-0.7905840706080198
-0.2527427064875762,0.17009797878563404,0.379162373021245,-0.07020054385066032
-0.03454309577743214,0.18255125805735584,-0.2878396145999431,0.17793884500861168
0.4267400686318676,0.23273995034396644,-0.1429505299776792,0.043242719024419785
-0.3429169605175654,0.1131695404648781,0.2282290106639266,0.21469962690025568
-0.4236304326914251,-0.1092137903906405,0.3280532378703356,-0.025728391483426094
0.4839309174567461,-0.3931549672037363,-0.06745545370504258,0.03928675455972552
-0.4146134207646053,0.7542477041482926,-0.328032323718071,-0.14161568880081177
0.29209029984970886,-0.09522056840360166,0.09987388718873264,-0.1581221492961049
0.2376668943713109,-0.2270394328981638,0.1568451698869467,0.17399968393146992
0.14108651876449585,-0.12615751065313818,0.21389783509075644,-0.39943210408091545
-0.45001802686601877,0.23734398297965525,0.11296885674819351,-0.08091575419530272
0.2937632454559207,-0.30782055873423814,0.24039388373494147,0.10784213617444038
-0.5502270421323677,0.1779204472899437,0.05681533729657531,0.5173140713013709
-0.15108270570635796,0.31566185057163243,-0.5463323548436165,0.6707505062222481
-0.18085239610324302,0.6180911531671882,-0.9273957859666553,0.6269327472837176
-0.3495923721541961,0.041877851262688615,0.049488076567649864,0.2976006269454956
0.20409284958441276,-0.5083829820156097,0.13498054854571817,-0.16450522653758526
0.062405761020878955,-0.19604456517845392,0.00980719504877925,0.45504337968304753
-0.2953465382258097,0.3655248761177063,-0.18966590352356433,0.24748464114964008
-0.23507681488990784,0.7040191628038883,-0.7956223785877228,0.44401272386312485
-0.7498645335435867,0.6763585962355136,-0.06282900907099248,-0.0007796268910169601
-0.28942678651462,0.2045964404940605,0.11486562229692937,-0.354776443913579
0.26140254499235505,0.40933500081300733,-0.12100808452814818,-0.28173444885760546
0.08799665917952848,-0.49433754533529284,0.17172812074422839,-0.7070404812693596
0.3034752880533536,-0.34281020192429423,0.5063621080480516,0.5778982099145651
0.2956485797961553,-0.3413463331758976,-0.17176570892333987,-0.5582607090473175
-0.29709654953330755,0.3656539449817501,0.006858602317515755,0.19920434802770615
0.15556454782684648,-0.45141453966498374,-0.09253930002450944,0.3068487010896206
0.3822869217644135,0.05638066679239273,-0.4092051964253187,0.5954652298241854
-0.42913365953912336,0.8539982857182622,-0.14125805720686913,-0.04351986199617386
-0.20900059243528324,0.5371442722826032,-0.12603482604026794,-0.1661379039287567
0.10755876700083415,-0.2216939702630043,-0.05210650712251663,-0.1342967376112938
0.17084566255410513,-0.17266684733331203,0.1010575421154499,0.3564685999881476
0.08642292022705078,-0.04970701187849047,0.2207863196730614,0.3748989626765251
0.3049595349390681,-0.08601892425213009,-0.4370039291679859,-0.21465761959552765
0.019771141310532925,-0.05408995002508166,0.025043762847781204,0.24465210922062397
-0.6250719906141361,0.10022494234144685,0.1459133751690388,-0.41056982427835464
0.2058680901924769,-0.15316407456994058,0.05824527591466905,-0.0416281595826149
0.27696858098109567,0.02857511192560197,0.09199785878881811,-0.13899162178859115
-0.2583036360641321,-0.3356840342283249,-0.15604755356907846,0.2953013516962528
-0.0401729080670824,0.16452297256328163,0.27315607815980913,-0.7977249547839165
-0.16270887106657028,-0.6954342998564244,0.9222931951284409,0.18723734468221664
0.38784941534201306,-0.43053088784217836,0.1519444201141596,-0.3422833997756243
0.08245175207654637,0.4943982183933258,-0.17891954705119134,-0.11091094429139048
0.16424145735557732,0.3991640334948897,-0.4706715907901525,0.7015620600432158
-0.023377934470772743,-0.31006579399108886,0.16823084205389022,-0.0240512415766716
-0.29225029579053324,0.3069276848807931,0.397224858449772,-0.023708853172138333
-0.15503547837336862,0.04819741249084475,0.21918748542666433,-0.14375222846865654
0.006674700416624546,-0.47781744189560416,-0.00840569883584974,0.008512616157531738
-0.6132906277974447,1.0328909575939178,-0.6870693683624267,0.2651755213737488
0.3734821832428376,0.4868474069982767,0.19273985871113836,-0.9673124367836863
0.12090579544504484,0.29864710494875907,-0.42036181800067424,0.2251755204051733
0.1654240437783301,-0.5361457393504679,0.7104008547961712,-0.4365725498646498
0.013474582073589175,0.6502856612205505,-0.08460408798418939,0.6255906445439905
0.30735651465753716,-0.08049132786691188,-0.04915524348616601,-0.02543855831027031
0.16615216434001923,-0.5099858774803578,0.08275734847411514,-0.5995037220418453
0.04215366983165344,-0.023393447138369085,-0.19971708455123008,-0.15763385663740337
-0.060874440086384596,-0.14773194640874862,-0.035314267873764044,0.10344359278678894
0.19227700773626566,-0.4814832203090191,0.31110320538282393,-0.10997079685330391
-0.42464784408609074,0.05131779685616493,0.004711720347404483,-0.1711016222834587
0.7487359637937819,-0.45260628191754226,0.2123015329241753,-0.25306443125009537
0.2039036477605502,0.13629124388098718,-0.08372856751084327,-0.11492899991571903
-0.25627891967693966,0.26775415539741515,0.04059514105319978,-0.011983901262283325
-0.03516100300475955,0.593695484381169,-0.20743672996759416,-0.5563465394079685
-0.552136824776729,0.39141249656677246,0.08281287923455238,-0.014375969767570496
0.30108221620321274,-0.44346583634614944,0.27445920184254646,-0.22316952422261238
0.13352022568384792,-0.20248236656188956,0.2805486857891082,0.4023894965648651
0.10293743759393692,-0.13297961801290514,-0.4731104414910078,-0.18664013035595417
-0.21509704242149988,0.3258994035422802,-0.07347149029374123,0.21129447780549526
-0.17598441615700722,-0.13105457872152326,0.2942197624593973,0.12052901647984982
0.2644436011711756,-0.9025638997554779,0.32232601940631866,0.27473975718021393
0.34736055197815097,-0.15686227045953272,0.46859894404187796,-0.47584751853719354
0.18120431651671726,0.7301641032099724,-0.2457313765771687,0.4087505270726979
-0.32147763669490814,0.5777496441267431,0.06303595313802361,-0.28649445925839245
-0.7118195965886116,0.6136815026402473,0.2837459333240986,-0.7028794921934605
-0.19423268781974912,-0.1089870429597795,0.7462983464822173,0.05967351142317057
-1.565426031748455,-0.7194294929504395,2.917268753051758,-0.42969608306884766
0.11565591394901276,0.3247004605829716,-0.2324765481054783,-0.6890480071306229
0.5641282888439794,-0.08330051563680171,-0.22993362359702588,0.12624645046889782
0.018025953322649002,-0.3163135461509228,0.36874984949827194,-0.0816306471824646
-0.42606169916689396,-0.26019730158150195,0.16938489601016044,-0.47355738282203674
-0.3580706746627887,0.15563297234475612,-0.4455172993242741,0.3283935375511646
0.027613721787929535,-0.07924507334828376,0.3768479019403458,-0.4803941138088703
0.01748901830675703,0.1559500815812498,0.07190318983048205,0.5888032289221883
0.2657073624238061,0.1858263718779199,-0.4194212054600939,-0.01621549075935036
0.009994953870773315,0.04029163122177126,0.14132494330406187,-0.023688722401857376
0.07927294510106248,-0.15745988674461842,-0.3772924318909645,0.12116029858589172
-0.008193793396155058,-0.2024880524724722,0.06387665010988712,0.497968178242445
-0.167257908731699,-0.00018998775631190457,-0.10869218613952397,-0.005597598850727081
0.11617262102663517,0.3226939648389816,-0.47799095921218393,-0.44677058793604374
0.27951771145065624,-0.3186389088630676,0.2714476503431797,-0.20189619436860085
-0.21581712892899912,-0.04582321792840958,0.3492224033456296,-0.29310495662502944
-0.41528841480612755,0.7664889038540423,-0.09871474439278244,0.1623246893286705
0.5406023698548476,-0.190587268024683,0.0585808500647545,-0.2625424489378929
-0.47606923182805383,0.16966840326786042,-0.361275289952755,0.3818335458636284
-0.005644130210081755,-0.2269318923354149,0.00300772488117218,-0.01403558999300003
0.418182152012984,-0.13895999789237976,-0.33422797210514543,0.14506336487829685
-0.060322217643260956,0.20537056177854537,0.29345414638519285,0.5535352304577827
0.16763380418221155,-0.010852067172527291,-0.3714396935887635,0.5064643141813576
0.22933714712659517,0.023687291890382767,-0.39890778437256813,-0.07051282003521919
-0.02937956154346466,0.39993211179971694,-0.49010906666517257,-0.34079813957214355
0.5305932421858112,-0.04604278616607188,-0.535165623575449,-0.1262640729546547
0.17401574427882832,-0.2836420513689518,-0.2634173300117254,-0.20565077476203442
-0.3682581682999929,0.24093459099531178,0.15872574299573894,-0.09749475866556168
0.5516939200460911,-0.49394200220704076,0.09845501629170031,0.24447328748647124
0.2775757238268852,0.002730916440486897,-0.3514201410114765,-0.39719513431191444
-0.21424332757790887,0.35816662311553954,0.12576086567714811,-0.22799156652763486
0.07623655907809734,-0.3941522967070341,0.07641398999840021,-0.09253339562565088
-0.6087327905697748,0.7132350318133831,-0.0273321270942688,0.4586985744535923
-0.23592548569043476,0.28694537132978437,-0.17711725682020185,-0.3325810134410858
0.052410988447566836,0.0275420755147934,0.01379133909940719,0.23991824313998222
-0.2614711436908692,0.370024575246498,0.00370944887399674,0.07536761462688446
-0.8316333194573721,0.11326444223523141,0.8478293597698212,-0.25517982244491577
-0.2934311628341675,-0.625372114777565,0.1772416710853577,0.2235661745071411
0.25704479900499183,-0.03729551434516906,-0.473819749802351,0.9270508736371994
-0.453779777046293,0.4017891331575811,0.003329668939113628,0.426267197355628
-0.15208655902339768,0.024516966193914413,0.03674175217747688,0.6270644180476665
-0.01597837482889497,-0.1909517966210842,0.32988821193575857,-0.8258708231151104
-0.2736360877752304,-0.5900759473443031,0.0132673978805542,-0.2352069914340973
0.06600097566843033,-0.17769549172371624,0.2339339008554816,-0.2756227143108845
0.09377479304869968,-0.07370702475309371,0.26024513244628905,-0.4178542196750641
0.6777293743410459,-0.49885342088527973,0.02927267206832762,0.22940950887277722
0.6034408205499252,-0.7369892727583647,0.08932098746299744,-0.12087835371494293
-0.19769915655100098,-0.40938462857156993,0.5980413125827908,-0.046754796989262104
0.19991944877741236,-0.4667147571686655,0.23643021276220677,0.6307823350653052
0.06003739808996522,0.5706366471946239,-0.3186984121799469,-0.2846521586179733
-0.13863884657621384,0.08460774570703511,-0.17000113725662236,0.3776504397392273
0.8943536542356014,-0.08303769491612911,0.013510381570085883,-0.8432715663220733
0.48475296112398303,-0.4607490103691816,0.38706016615033145,-0.08113780245184898
0.17417044192552567,-0.19301215559244156,0.051391150802373886,-0.08471352979540825
-0.5276738603909811,0.3714743614196777,0.21240410357713702,0.08652352541685104
0.33641815961649024,-0.3362816212698817,0.3967640310525894,-0.1450122594833374
-0.09715748818901679,0.4290246471762657,0.12362446151673794,-0.18431435897946358
0.32689289220919215,-0.04755917955189942,-0.002470056340098392,0.10023402143269777
0.12055811798200011,0.11669261641800403,-0.3033115778118372,0.8256314173340797
0.29250650263080996,-0.35793779194355013,0.08214357458055022,-0.09051859937608242
-1.3344138792405524,0.8003637872636318,-0.5331966176629066,1.3561409339308739
0.20759430030981696,0.5122617878019811,-1.0397454988211394,0.6830473374575377
-0.40780313188831013,-0.42568955570459366,0.39500441402196884,0.543944276869297
-0.14671318388233584,0.21859796848148108,0.05547983348369598,-0.7479513064026833
0.013896677643060684,0.007204120606184028,-0.1264631260186434,0.20157292671501637
-0.08540555720295136,0.6508736117160879,-0.28352378457784655,-0.10146796051412821
-0.495107002556324,1.1708295300602913,-0.4108114905655384,-0.04991018399596214
0.3138190905253092,0.15782776512205599,0.2758701364276931,-0.22701938438694924
0.1408652712901433,-0.63484969092533,0.4105662695132196,-0.07318138889968395
0.17206837516278028,-0.39878829997032883,0.3009498804807663,0.10822471976280212
-0.03954797300199667,0.28672590516507623,-0.4207729924470186,-0.09913316927850246
0.6158606947089236,-0.0640147751197219,-0.3471462965011597,0.4659227579832077
-0.10644465684890747,-0.43773438706994056,0.5836231030523777,0.055710211396217346
-0.48382338912536704,0.31904873382300136,-0.00247062966227532,0.23161934688687325
-0.1728967040932427,0.26920848652371204,-0.12468593135126865,0.1956416219472885
-0.3153602263579766,0.8219006210565567,-0.24151431396603584,-0.4679802320897579
-0.0735328110555808,0.11909090206027029,-0.20677136108279226,-0.1408848948776722
-0.13708187391360604,0.3916221335530281,0.08222997188568115,-0.04113432765007019
0.47061147913336754,-0.28753582704812286,-0.007933440245687963,0.7200220953673124
-0.004700343435009316,-0.0343391377478838,-0.23508946560323238,0.5918697360903025
0.009480147312084835,-0.21187756545841693,0.25067925788462164,-0.45597429969348013
-0.21893486628929776,0.052923007309436776,-0.19815303236246107,0.756646029651165
0.14486216132839522,0.29125287048518655,-0.6456861183047294,0.11661956459283829
-0.7654996495693922,0.5840588070452213,-0.4550043985247612,0.2812671437859535
0.1548493318259716,0.07357065752148628,-0.22259774431586266,0.2031351737678051
-0.3153441557660699,0.04052974041551352,0.1308837124146521,0.16895724786445498
0.4046325682623622,-0.4345435544848442,0.4811517235968495,-0.47587451014260296
-0.11453663666422165,-0.21770462496206167,0.4182622577995062,-0.3733395114541054
0.17343456918994588,-0.24887215048074718,0.000747074186801866,0.3137644827365875
0.5197696026880294,-0.2498817515093833,-0.05158060193061831,-0.4643896520137787
-0.15451705999051535,-0.010521179437637307,-0.027928497269749664,0.25903031416237354
0.4616730151077112,-0.30486238226294515,0.021468663960695265,-0.37853825092315674
-0.206019756772245,0.246242557791993,0.11493388339877131,-0.16479379124939442
-0.2208622513959805,-0.026031145080924023,0.008481721580028523,0.3829842358827591
0.4676663422336181,-0.08971436442807318,-0.6525115507654846,0.6018738299608231
-0.028858386057739494,-0.1317820927128196,0.2931972458958626,0.2009516879916191
0.7615965728958447,-1.0689698928967117,0.1315905662253499,0.1072753295302391
0.06699177622795105,-0.010264161601662658,0.5473129484802485,-0.415770560503006
0.8081112702687582,-0.8044092766940594,-0.12293429672718048,0.3917846381664276
0.05136363349932556,0.08571965098381043,0.021864072978496553,0.3021421879529953
0.4721134416759014,-0.07851767502725124,-0.03766690790653229,0.7037767767906189
-0.21687882641951245,0.007251490280032136,-0.06276537328958509,0.6142407357692719
0.09738930625220144,-0.024301644787192322,0.15235162144526837,-0.2510157353244722
-0.4149292840156704,0.26414129458134994,0.3537199252459686,-0.127972141985083
-0.3404835543284814,0.035598621889948834,0.23900303039699794,0.5184750547632575
0.30592024823029834,-0.7177289694547653,0.33133378326892854,-0.18264001607894897
-0.5191222665210565,0.4479365237057209,-0.12066849321126938,-0.17185233905911446
0.011760398745536804,0.26612243205308916,0.04533127173781393,-0.3096410818397999
-0.15947601726899543,0.32261500023305417,-0.8564484760165214,0.5722597911953926
-0.26108206311861676,0.5866578809916974,-0.5166226990520955,-0.004702619044110179
0.387907475233078,-0.36264145039021967,0.12297475561499596,-0.28731032833456993
-0.09534210090835893,0.29962830767035487,-0.621169650554657,0.23444926738739014
0.05496212653815746,-0.029105113074183453,0.013207088410854328,0.08092398196458817
-0.10002688442667326,0.4485329307615757,-0.6122454434633255,0.5155658796429634
0.06944494508206844,0.009491528570651997,-0.31318745128810405,0.10218067280948162
0.07529961969703436,-0.13448732998222113,0.23939787596464157,-0.003878980875015259
-0.5958971806491414,0.124746635183692,0.17918585184961555,0.19639532640576363
-0.12952251639217138,0.30822677835822104,0.07274890020489692,-0.19179334118962288
-0.3207590238501628,0.4068530235439539,-0.5301718428730965,-0.26999346911907196
0.3393568266183138,-0.077128716558218,0.193846632540226,0.015028096735477448
0.294095301690201,0.19436430353671313,-0.06010628193616867,-0.46682237833738327
-0.06368734811743101,0.09287223629653454,-0.2505588516592979,0.123228270560503
0.8777081558558469,-0.7218213826417923,-0.30363933742046356,0.8839036822319031
0.41836583272864425,-0.26691094506531954,-0.27484079357236624,0.13282581325620413
0.2219543345272541,0.044584696739912055,0.21969951773062346,0.18123540049418807
-0.043705370898048046,0.08024179618805649,0.08536665365099905,-0.33725302293896675
-0.1869003859659036,0.6837329886853695,-0.519450256973505,-0.10831377189606428
-0.7127036865179738,0.5552910760045051,-0.26173144187778236,-0.33559475000947714
0.24852255126461387,0.08203601995483041,-0.30487832259386777,-0.028730160556733608
-0.42009949109827477,0.05485022291541097,0.2291492434218526,-0.2678102748468518
-0.2254507578909397,0.5547359645366668,-0.9281081095337868,0.6802304461598396
0.13002012421687442,0.056213976442813895,-0.19771744552999737,-0.482264514779672
-0.4318338346978029,0.10576885044574735,-0.18961180597543714,-0.24987802654504776
-0.07925672673930723,0.17724924460053443,-0.30537187233567237,0.3814084716141224
0.4674601679046949,-0.14180124551057816,-0.344946276396513,0.9540336392819881
0.006810181774199009,0.09787550065666437,0.3528241160325706,-0.18383349804207683
-0.5094942599534988,0.6709936380386352,0.0699429579079151,0.2814280577003956
-0.11752403651674588,-0.130247391294688,-0.1785355731844902,0.8518446199595928
-0.08550608872125548,0.01783725470304487,0.31028917953372004,0.2452571876347065
-0.5091929379850626,0.7668820936232805,-0.24820270389318466,0.2451322264969349
0.44019026805957157,0.062035335600376135,0.06701036226004362,-0.027234810404479504
0.6477656401693821,-0.5196912445127964,0.0675360307097435,0.8340267986059189
0.5751273607214292,-0.9644434392452239,0.6618055623024701,-0.6995651554316282
-0.3541128492603699,0.09927249662578108,-0.21953755021095278,0.4341319426894188
0.26411101687699556,0.2241310179233551,-0.17737164348363876,-0.0741177648305893
0.4654241409152746,-0.4441625982522964,0.13957217186689375,0.1266702190041542
-0.046624801742533806,0.08636459615081549,-0.019246562384068966,-0.1851986199617386
0.5914727846781412,-0.6118138417601585,0.6729207992553711,-0.011368989944458008
-0.4101101246972879,0.04128777012228968,0.12166666463017461,-0.30786139890551567
0.19035064429044724,-0.13374255895614623,0.023554953932762135,0.05369260907173157
0.1889551877975464,-0.2591080248355866,-0.1634582251310348,0.21483539044857025
0.555202997289598,-0.38964259112253785,-0.13921503245364875,0.9003282537451014
-0.027409890977044896,0.2916626062244177,-0.7516558364033699,0.4971610247157514
-0.02707185735926032,0.5239324890077114,-0.5261435158550739,-0.02435368299484253
-0.24999072775244713,0.1675327518954873,-0.0674934672191739,-0.06711717694997787
-0.27002619331081706,-0.010688192769885085,0.7714976888149977,-0.6802790500223637
-0.056524014100432396,-0.556240464001894,0.31853406354784963,0.1058989018201828
0.33085070985058945,-0.5431906059384346,0.6845247074961662,-0.5551510788500309
-0.15286380983889103,0.4050502609461546,0.05054687149822712,-0.5941305812448263
0.19310260189619535,-0.3275824486394413,0.3683043230324984,-0.14403966255486012
-0.0580150752017895,-0.08858069474808872,0.35243465821258724,-0.4605411496013403
0.7952666950101653,-0.18935301695019008,-0.0285223826766014,-0.3954981043934822
-0.23224494606256485,-0.583917298913002,0.5830925717949867,-0.38137590140104294
0.5990259697039922,-0.06696007251739511,-0.0455378681421279,0.4285559207201004
-0.16837125271558762,0.5505401566624641,-0.35640173964202404,-0.11906500346958637
-0.23021073701481026,0.069870038703084,-0.11464165970683099,0.798929151147604
-0.6461820043623447,0.07796214222908021,0.4168340016156435,0.2668630313128233
0.20503408710161847,-0.043934465199708894,-0.3503291971981526,-0.8766984865069389
-0.2650774307549,0.5300489582121373,0.11639398038387298,0.4521534591913223
-0.19702558095256487,-0.16001011803746223,0.30898602679371834,-0.4016714356839657
0.009001431715053798,-0.6502521825954318,-0.7989475451409817,0.7021921662380919
0.008869154999653517,-0.33720902875065806,0.4300773046910763,-0.3405662700533867
-0.036819830536842346,-0.46602622680366035,0.5308781832456588,0.21476604789495468
0.3053382684787114,-0.20174053981900214,0.17396345287561416,0.17859795317053795
-0.08651249545315903,0.10232891961932183,0.10186070059426128,0.386445191456005
0.6953417727102836,-0.3450743515044451,-0.10512408465147019,0.13645248115062714
0.4710458026578029,0.28053944893181326,0.10742535293102262,0.22772958129644394
0.17634800883630913,-0.45977599583566187,-0.1882358394563198,0.053801404312253
-0.4456374018142621,0.03390646614134313,0.4007302850484848,-0.09182586520910263
0.06461255337732535,-0.12229059957899152,0.7029864743351937,-0.5172452703118324
-0.18968121707439423,0.01825059950351715,-0.030483029782772064,0.08220600336790085
-0.34893459392090637,0.25320698134601116,-0.4489448815584183,-0.4275769889354706
-0.2256476090600093,-0.17225483022630214,0.48804803341627123,-0.47317674942314625
0.48183181912948686,0.40113481748849156,-0.37587943077087405,-0.33577702939510345
0.05876680215199788,-0.11940830647945405,0.25793870240449907,0.1371699795126915
0.24774593580514193,0.005912335962057119,0.2886537812650204,-0.35830387054011226
-0.7859118673950434,0.895320588722825,-0.1413147673010826,0.28934774547815323
0.2588526220060885,-0.20712585607543588,0.001923606265336275,-0.20379943447187543
0.1301713146579762,-0.443472573813051,0.04149131551384927,-0.4683476984500885
-0.07100292450437945,-0.1344472089782357,0.28138861283659933,0.23442994430661201
0.24335363817711672,-1.0313855045475067,0.5181062977295369,0.21618884545750916
0.42008946246157086,-0.5851729482412338,0.1615264609456062,0.3072469159960747
0.3665174686660369,-0.2744561403989792,-0.2167711604386568,0.37031095661222935
0.29541783283154166,-0.1243974044919014,0.16388935642316937,-0.08311326103284955
0.2280873814597726,0.040556201338768,0.3734599113464355,-0.376376498490572
-0.6480420245012889,0.05720054805278779,-0.3005640998482704,0.8485954478383064
-0.8972362702091535,1.0458429623395205,-0.2368084043264389,-0.08679657522588968
-0.5667071261753639,0.2766705859452486,0.07805063799023626,-0.18657836690545082
-0.1018495863924424,-0.2782455410808325,0.08109751418232918,0.13017073378432542
0.11951169992486635,-0.04370221793651581,-0.49839710611850024,0.10365307796746492
0.6763517170523603,-0.610528863966465,0.6861389875411987,0.3812268227338791
0.1438626094410817,-0.16383110396564007,0.23674667850136757,-0.44375551864504814
0.6474424575765927,-0.06916409879922866,-0.3441290020942688,0.0814645066857338
0.02133239433169365,0.27635598331689837,0.15329908430576325,0.22766010835766792
-0.23096555471420288,0.43757476806640627,-0.4718658892437816,0.16558154206722975
0.5013192053884268,-0.33748611286282537,-0.20696293339133262,1.346157606691122
-0.15163269576927027,0.36296757496893406,-0.3004613190423697,0.2532156992238015
-0.35557461467882,0.33416410237550737,0.21697270050644873,-0.15922105312347412
0.05984397729237878,-0.04358552545309069,-0.1631250515580177,-0.17991449683904648
-0.4089553778370222,0.3960763834416866,-0.2529780216515064,0.5618315376341343
-0.051272036507725716,-0.11019771490246058,-0.20359735572710633,0.24443182442337275
0.5453457230081161,-0.383800046145916,-0.006170041300356366,0.25171826547011733
0.1308753965422511,0.06385521087795495,-0.3105537235736847,-0.5166699923574924
-0.02566910038391748,-0.05034507662057877,0.2580184558406472,-0.5211854623630643
-0.12396526562709675,0.24228066941723225,-0.18597007580101488,-0.683886369690299
-0.4527759055296581,0.5915157437324523,0.36399626582860956,-1.2079916521906853
-0.3255954248209795,0.21704904735088348,0.06244206428527832,-0.27691158652305603
0.033036660092572376,-0.12044260930269957,-0.0021186135709285736,0.2612519944086671
-0.10910690106296292,-0.38139769630506637,0.3094702661968768,-0.0941705391742289
-0.006631396555652258,-0.06480015926063065,0.12492480427026753,-0.32951221615076065
-0.005286289999882381,0.3931331496685743,-0.3243626311421394,-0.06792029738426208
-0.030191130936145782,-0.2285395458340645,0.46903194934129716,-0.6665632799267769
-0.5493759016195933,0.33707012981176376,-0.035572794266045094,0.11491543520241976
-0.22600640853246057,0.041227380931377455,-0.09053722321987157,0.17425649613142014
-0.04311125725507736,0.1543346762657165,0.4286343093961478,-0.5284175705164671
0.37721262499690056,-0.05024354681372642,0.24093379601836204,0.06413460429757833
-0.26874473815162975,0.43991735726594927,-0.38078597709536555,-0.2841964401304722
0.48811989129171707,-0.19972343706176615,0.14483552910387515,-0.02197040431201458
0.15473905702432,0.7020165611058473,-0.20158222112804652,0.07830019947141409
-0.08569305017590523,-0.24756719917058945,-0.06589392386376858,0.06915113888680935
-0.17829493402192992,0.0046103596687316895,-0.03724369406700134,-0.0015591233968734741
0.29706156998872757,0.6698641583323479,-0.8274843126535416,-0.48326143622398376
-0.1402681109805902,0.07388295978307724,-0.1391425635665655,-0.060186563059687614
0.10473021833846963,-0.14308557976037262,0.4793607577681541,-0.49725181609392166
-0.10261594379941621,-0.08619680926203728,0.00017278566956520076,0.09558921307325363
-0.17152007545034087,0.3188672214746475,0.027997911907732487,0.058768450282514095
0.5491608170171579,-0.11587196979671721,-0.2186699395999312,-0.28285568207502365
0.166204201678435,-0.18300132900476457,-0.15272892378270625,0.3160386085510254
-0.055476464331150055,0.31880947202444077,0.10704680904746056,-0.6811515539884567
0.158625940947483,0.04533773995935919,0.07271855641156433,-0.16341151762753725
-0.03613516067465147,-0.07684097066521645,0.2547204433940351,-0.1617581150494516
0.4268313404172659,-0.6714370710775256,0.44243017993867395,1.04758738912642
-0.05668953185280162,0.37117887698113916,-0.5238474834710359,-0.2408740445971489
-0.5687721346815428,0.6086509838700295,-0.7885299637913704,0.21068621426820755
0.4734662170521915,-0.19460908928886056,-0.4420032501220703,-0.09093722142279148
0.16802893361697596,-0.5002034729346633,0.5373947326093912,-0.04251294769346714
-0.06944343447685242,-0.0634359648451209,0.5842687260359526,-0.17235473357141018
0.013939873004953085,0.23263572938740254,-0.3216053195297718,0.08314846828579903
-0.41396358516067266,0.5439900239929557,-0.3964891411364079,0.2869536578655243
-0.18686044278244174,-0.169848820194602,0.05917397141456604,-0.1976451873779297
0.49975942734939355,-0.26302135586738584,0.10118724768981338,0.7764055826701224
-0.28183912144352996,0.02430145498365164,-0.12088222205638885,0.5746317505836487
0.08458985202014446,-0.10363662242889404,-0.03172081708908081,0.08911975473165512
-0.5319553762674332,0.33440142646431925,0.028980793803930288,0.15540967974811792
0.2859996159871419,-0.15088932812213895,-0.2145233877003193,0.48028725758194923
0.38455329338709515,-0.5069487787783146,0.24380510151386262,0.30553796887397766
-0.14256448174516362,-0.3722134672105312,-0.07002028524875642,0.04817899316549301
-0.355333333214124,-0.3442611739039421,0.1901372902095318,0.21201488748192787
-0.04257003419722116,0.0778235889971256,0.13081936314702036,-0.32098693028092384
-0.15139535814523697,0.4178898549638689,0.3215086673386395,-0.5149465168360621
-0.25513406369524694,-0.2513976359274238,0.0991362579166889,-0.31616510823369026
0.1446518860757351,-0.22450322136282921,-0.10323310792446136,0.612762525677681
-0.02007372040922443,0.39809672310948374,-0.17017429843544962,-0.006434658542275429
0.3730943538248539,0.03950631991028786,-0.3838382326066494,-0.3350056782364845
0.21739902471502626,-0.036419478803873084,-0.4275770545005798,0.49742050329223275
-0.2181009892374277,0.5882910754531622,0.09716914370656013,-0.03827832639217377
-0.1166221871972084,-0.04877849370241165,-0.2199400228098966,-0.048524411336984485
0.1624253739913305,-0.20006162971258168,0.1949279547668994,-0.3020611689426005
-0.08556762213508287,0.1949435330927372,-0.12506064660847188,-0.40929281525313854
-0.514042928814888,0.6643434375524521,-0.30788896083831785,0.11080744862556458
-0.22154943769176802,-0.012242065370082877,0.228498262912035,-0.5444296486675739
-0.33377451232324046,0.11921869330108165,0.3928487326949835,-0.38393634371459484
-0.10609960036041836,0.19058131775818765,-0.30271044187247753,0.35345432721078396
0.14428998033205664,0.15714477449655528,0.6746380601078272,-0.8803786057978868
0.38727352566396195,0.0763427416794002,-0.4538661792874336,-0.7564620599150658
-0.3168714328979453,-0.05794377233833076,-0.22208250239491462,0.43696941062808037
0.10712505752841632,-0.11548045948147774,-0.12815955821424724,-0.013869992457330227
-0.3423501687745253,0.4142622839659452,-0.45900405049324033,-0.031141802668571472
0.05559259280562401,-0.06625450849533082,-0.3132882446050644,0.45299963653087616
0.14289082136626044,-0.05869125053286553,0.08893719539046288,-0.334288839250803
-0.1967417583606827,0.3963119961321354,-0.11987715736031535,0.321450624614954
0.4284820511626701,0.16208117259666324,-0.35130891799926756,0.2803269624710083
-0.23173312967022258,0.15835721194744112,-0.031769612431526206,0.20516572892665863
0.08825216186232865,-0.23146883328445256,-0.01474848948419094,-0.056277552619576454
-0.011541795295973656,0.29795777034014465,-0.17771769762039186,-0.23044345155358315
-0.6897093367297202,0.3782860517501831,0.48576405718922616,0.022791029885411263
-0.029024969631185144,0.0937531073577702,-0.047469113022089005,-0.3444451279938221
0.14959472759316364,-0.32798476964235307,-0.30130144506692885,0.02031746506690979
0.02421291545033455,0.016599252074956883,0.10667467286402826,0.11667084413056727
0.1150587120403846,-0.05152485035359859,-0.47622672021389006,0.5876027531921864
-0.17134934042890868,0.5458236120641231,-0.7620383471250534,0.7111252546310425
0.03938043862581253,-0.3204365685582161,0.42916411007754507,0.28848826442845166
0.6473326521615188,-0.5036934785544872,0.06245692670345304,-0.3430035188794136
-0.8233552239835262,0.7482339616864919,-0.07398288096301259,-0.28134380956180394
-0.07707013298446933,-0.08034976990893483,-0.124603983014822,0.328590240329504
0.2872475447754065,0.19009453617036343,-0.130672050639987,-0.16702845320105553
-0.9478528896967571,1.0103477373719216,0.06685181483626368,-0.2549673803150654
0.4361475656429927,-0.12851196378469465,-0.22741960510611536,-0.16000038757920265
-0.29078595091899234,-0.014148144423961617,0.16972814351320265,0.1658017411828041
-0.010417823990186037,0.02761569768190386,0.24844082109630106,-0.22519160620868206
0.12775217865904173,-0.3552690647542477,0.4898380670696497,-0.4249558765441179
0.22366166530021778,0.31885508007835595,-0.48350021839141843,0.03675146400928497
-0.07300025410950184,0.37919919975101946,-0.02828189674764872,0.634700202383101
0.6672491518159707,-0.3551760695874691,-0.04570088088512421,-0.1072755940258503
0.18818342437346774,0.08840146660804749,-0.3891231417655945,0.011040467768907547
0.7026145427177349,-0.3229116622358561,-0.40120698213577266,-0.11875007301568985
-0.08398472766081488,0.11734669804573061,0.0855581074953079,-0.10341334342956543
0.40923956533273065,-0.2894172077998519,-0.29442984228953717,-0.038671772461384535
0.48724595457315445,-0.7143869698047638,0.5351839140057564,0.11761555820703506
-0.2818959313444793,0.05167702632024884,-0.4025282943621278,-0.011908529326319695
-0.2294710110872984,0.6543010989669711,0.13031446426175536,-0.8268694933503866
-0.5086084199137986,-0.3325551862828433,0.6052166184410452,-0.20475512649863958
-0.0879451964671413,-0.2175845831632614,0.3234663961455226,-0.4597117668017745
0.0844689706961314,-0.09354698061943056,-0.2312289237976074,0.23359685763716698
0.005586306254069012,-0.20998085364699365,0.5048039227724075,-0.6272202581167221
-0.6083285560210546,0.32250758484005926,0.043728129565715784,0.027419928461313248
-0.1539449468255043,0.4312453970313072,0.14163915514945985,0.07789569348096848
-0.16759842385848361,0.16531684696674348,0.05654342398047446,0.10557826235890388
0.09200834044410536,0.17398038934916257,0.07036782745271922,0.14885227754712105
-0.28266691086658585,1.2442492518574,-1.207584117492661,0.5067182795610279
-0.1313556358218193,0.015407988429069541,-0.4567514887079597,0.45114709343761206
-0.47735251548389596,0.5409034285694361,0.179126163944602,-0.5839202478528023
0.10814126270512736,-0.12245089411735532,-0.30018206834793093,-0.01854284107685089
-0.4033881972233454,-0.880805703997612,0.6050854671746493,-0.6288623083382845
0.28669187550743425,-0.0663753464818001,-0.08998964950442312,0.7811063714325428
0.08306922949850559,-0.3707871776074171,-0.06722780524287372,-0.1675562591990456
0.19981960641841093,-0.5404308207333088,-0.048288148641586315,0.4085618779063225
-0.14906329537431398,-0.2504802234470844,-0.02301589259877801,-0.13647853722795844
-0.16276907175779343,0.14951787292957308,-0.1860638052225113,0.187160924077034
0.1720670759677887,0.04495390206575389,0.01707712905481462,-0.04017646657302976
0.4721470419317484,-0.6410296567715704,0.5960276042111218,-0.8019665479660034
-0.12268231467654306,0.38696563988924026,-0.5537887867540121,0.6382117941975594
-0.5160145343591769,-0.11160777695477009,0.18143155053257942,0.20050669088959694
0.09911238308995962,0.01639981344342232,0.39167570918798444,-0.4991891235113144
-0.26870818218837184,0.07184305991977454,0.2296369306743145,-0.002722678706049919
0.5311077969769638,-0.5700929366052151,0.5350977557594888,-0.34616953757358715
0.3154980236043533,-0.3482407178729773,-0.06880902815610168,0.37568730395287275
0.3172840972741445,0.1804670304059982,-0.7083186492323875,0.14978600293397903
0.009098987405498832,0.14481609351933003,-0.1689242370426655,0.04750170186161995
-0.12084994961818057,0.14373925626277922,0.008522499166429054,-0.3845394914969802
0.36972116927305854,0.3367146760225296,-0.12847690507769585,-0.35444018617272377
0.2618141365237534,-0.6386186384595931,-0.1828487616032362,-0.14545286819338799
0.15603302263965213,-0.3033449321985245,-0.2646143391728401,0.4018448069691658
0.359411562482516,-0.19000141471624377,-0.4029125332832336,0.2529124841094017
0.1173088401556015,-0.042865902185440063,0.22804374992847443,-0.22152920812368393
-1.1269221634914477,0.4675690483301878,-0.27615980319678785,0.5877214353531599
-0.0720377763112386,-0.20711778290569782,-0.08206267096102238,0.48317813128232956
-0.01855265287061532,0.5596490819007158,-0.30862766318023205,0.16601943783462048
-0.37328106816858053,0.5299050180241466,-0.5153831128031016,0.2923473883420229
0.026302227983251214,0.3513579940423369,-0.2108167329803109,0.1816305611282587
0.5706536347667377,-0.0015528194606304058,-0.12404767684638501,-0.09545494802296162
0.26673925295472145,-0.2646345779299736,-0.17237555105239152,0.19150553364306688
0.08183804154396057,0.3143146142363548,0.03346338104456664,-0.19197421800345182
-0.3122776113450527,0.34632354974746704,-0.1369372084736824,0.11868094280362129
-0.038111791014671326,0.4019801645539701,-0.2092566481791437,-0.09181446954607964
-0.06550011318176985,-0.395346605964005,0.33659195229411126,-0.3347023092210293
-0.7295134039595723,0.3967787951231003,-0.2751519784331322,1.2502611801028252
0.3649447231243054,-0.5335089195519686,-0.10073218829929828,-0.04572564177215099
0.4526058187087377,-0.36499305069446564,-0.022761495783925056,0.8149680141359568
0.26111501051733893,-0.5544624757021666,0.3127324525266886,0.17672797664999962
-0.5924295542451243,0.159095965558663,-0.039843333419412374,0.13717794558033347
0.6825483267505964,-0.8556486532092095,0.22508123479783534,-0.058898767456412315
-0.07576286792755127,0.13775261119008064,0.29318126663565636,-0.6221940219402313
-0.2823782737056414,0.26667351871728895,-0.06762882173061371,0.025778312236070633
-0.05235276805857819,0.2634905334562063,0.18691643746569753,0.2140672649256885
0.2758935882399479,0.10636248141527177,-0.49305815882980825,0.2734193989308551
0.4640081863229473,0.23099067211151114,-0.6375589553266763,0.4294783566147089
-0.5620831027626991,0.2463171005249023,0.4769196689128876,-0.6789089739322662
-0.08015452201167744,0.2351974666118622,0.06214946061372756,-0.18826128542423248
-0.009994032482306181,-0.0675194419920444,-0.047789509594440505,-0.22597049549221992
-0.5316432248800993,0.21771325506269934,-0.17589285373687746,0.05794966593384743
-0.4423023474713167,0.43424988389015196,-0.42710010558366773,-0.006535012274980545
-0.1952834716066718,-0.07277792785316706,0.3580371104180813,0.12574521079659462
0.04503994435071945,0.00985511988401413,0.06683193668723106,0.1849418794736266
-0.24941547960042953,-0.5728052362799645,0.24680765271186833,0.4336991608142853
-0.23903633654117584,0.13845628276467323,0.006200432975310838,0.42259403149364516
-0.01556280224273604,0.6636778423562646,-0.5542848112127103,0.3144126834413328
0.4946518360326687,-0.7012910094112158,0.2109141066670418,0.4543541371822357
-0.04102959235509236,0.06872932761907577,0.3581195496022701,-0.6264440901577473
0.14589573442935944,0.1831666648387909,-0.07022213637828828,-0.431373730301857
0.21269698813557625,0.2693644963204861,-0.3366046446375549,-0.1002499652095139
0.07970839428404967,-0.2067016914486885,0.2272281266748905,-0.04399700462818146
0.07313654012978077,-0.04991869563236834,-0.2782207696698606,-0.19698401913046837
-0.29119622707366943,0.6874719470739364,-0.05325908064842225,-0.14949381351470947
-0.13991794176399708,-0.1342261489480734,0.3631880022585392,0.5911984331905842
-0.33594398852437735,0.858434297889471,-0.25598998069763185,-0.014654487371444702
-0.057686264626681805,0.439332870952785,-0.6284521512687207,0.5376971065998077
-0.20092351237932837,-0.12255503833293913,-0.06372722387313845,0.03645818680524826
0.2598704720536868,0.020695843361318106,-0.19160152608528733,0.08792037284001708
-0.5948895687858264,0.2514657448977232,0.4297783080488443,-0.8170785196125507
-0.30006412292520207,0.2612605981528759,0.08126119459047913,-0.16698836022987962
0.30143200885504484,-0.792789469473064,0.5097399977967143,-0.05692040908616036
-0.08463361005609234,-0.1302486361004412,0.061007180809974665,0.09994059056043625
-0.30527784799536073,0.46878026947379114,-0.12365971747785809,0.005882983095943928
0.04492589831352234,-0.07947265505790702,0.12491875290870658,-0.3027738630771637
-0.09245746582746506,-0.5561425492167473,0.3355232823640108,-0.2808921467512846
0.2644418434550365,-0.06057958290912213,0.16830869563855233,-0.23714296147227287
0.21952832490205765,-0.2525437608361244,0.1393053591251373,-0.24919621273875237
0.3021378157039483,-0.3952346032485366,-0.12255664560943841,0.0417795367538929
-0.02095364375660816,0.20973164085298776,-0.2923178780823946,-0.2674670722335577
-0.3828016898284356,-0.06564995348453517,0.3199653968214988,0.03632916486822069
-0.0538993938049922,0.10405935379676523,0.30737562421709297,-0.14543403033167124
-0.3472055022915204,0.34277393519878385,0.21573792546987536,0.6295894607901573
-0.7763130900760492,0.6223744675517082,-0.003398565575480461,-0.6329441089183092
0.27984341730674106,-0.10406734347343449,-0.18437560908496375,0.4550423603504896
-0.27311651567773276,0.5134307321859524,-0.3830862008035183,-0.13689867034554482
-0.0032155069833000455,-0.3326304040849209,0.3211151108145714,-0.43408458307385445
0.1706925965845585,-0.29138565137982364,0.24625309258699413,-0.28047484904527664
0.33500884411235654,-0.23497518040239807,0.4602841295301914,0.19549893960356712
-0.34887295216321945,-0.18734866976737977,-0.3624317139387131,0.5484554320573807
-0.030653065691391618,-0.16847542747855188,-0.3239496678113937,0.5007943212985992
0.1937191070367893,-0.4820333909243345,0.06597654465585948,0.19950832705944777
0.3996837039788564,-0.6617354519665242,0.43060281728394334,-0.3524908230174333
-0.530481606721878,-0.25700775235891343,0.5361873719841241,0.41786675713956356
-0.5808532387018204,0.08881108276546001,0.1922681676223874,-0.24453422334045172
-0.5258087570158143,0.07047338606789708,-0.062076190114021296,0.40022266982123256
-0.35880626016296446,0.3391541206743568,-0.6325375068932771,0.6097919326275587
-0.45477101175735396,0.18291691429913043,0.37363828234374524,-0.6057580783963203
-0.03153618176778156,0.5343377456068993,-0.32424246668815615,0.2650492489337921
-0.1408602167891028,0.48724395260214803,-0.7903942422941327,0.29323645401746035
0.03270805378754933,0.022785931825637817,-0.23325712914811447,0.7392912053619511
-0.7337621574600538,0.5203405454754829,-0.33528521880507467,-0.09008803218603134
0.2102872021496296,-0.16451051756739615,0.14187103575095533,0.1820106445811689
0.10982874967157841,0.06841424815356731,-0.2809849247336388,-0.18970452807843685
-0.35130767772595084,0.2533676907420158,-0.25750035643577573,-0.06760895997285843
0.36390837778647744,-0.09052855968475342,0.09204376470297575,-0.25302618835121393
-0.2969903461635113,0.862099027633667,-0.23778045028448105,-0.2063036635518074
0.1323522503177325,0.136995430290699,0.30726553201675416,0.342850249260664
0.48266027371088666,0.376213525980711,-0.19657078906893732,-0.2996118888258934
0.38877953600604087,-0.0027818046510219574,-0.1311538815498352,0.4788667932152748
0.146482665091753,0.0753796685487032,-0.402248839661479,0.06466645002365112
0.3214924770096938,-0.7802124073728919,0.4990308195352554,-0.4858134686946869
-0.2405962285896142,0.47402563840150835,-0.30663741528987887,0.29103872179985046
-0.33071610548843944,0.3400634812191129,-0.2748230441415217,-0.26833391646505333
0.367016506070892,-0.10275461748242376,-0.05084703569300475,-0.6367716274689883
-0.005522642284631729,0.28721909001469614,-0.3246986322104931,0.35064944811165333
0.6926842195292313,-0.09478056952357294,-0.08381065577268598,-0.19281183928251266
0.035421919698516546,-0.06788714639842508,-0.2337759803980589,0.08336046151816845
-0.40742001930872596,0.09381185434758665,-0.02163951061666014,0.6666087955236435
-0.06989326948920882,-0.11962823010981083,0.32676657661795616,-0.0060577392578125
-0.12853062339127064,-0.23996994309127329,0.07019449621438978,-0.46542274206876755
0.13821551203727722,0.5098288610577584,0.08964120857417579,-0.32306098006665707
0.22910347084204355,-0.35519696176052096,0.13457355424761774,0.04309985414147377
0.44024964484075707,-0.831048047170043,0.1897796532139182,0.5247734868898988
0.19445336485902465,-0.7987438671290874,0.7224156836047768,-1.0160698154941201
0.6728893133501211,0.000487657636404043,-0.3767404709011316,0.49584815837442875
0.08545751497149467,-0.003840387612581264,-0.1380889296531677,-0.7658139392733574
0.16687296827634174,0.02820429056882859,0.06554758325219154,-0.5343256331980228
-0.12866274422655502,-0.1569142736494541,-0.08652097316225993,0.0940033289953135
-0.1343207856019338,0.3336352151352912,-0.22504890752024947,-0.30201216228306293
0.1320219369372353,-0.5221355834743008,0.3939407844096422,-0.6918965745717287
-0.8396844489810368,0.22615246707573533,0.5059205442667007,0.24550890922546387
0.2084765067944924,0.4528178457170725,-0.6798849157989025,-0.2847551293671131
-0.1743325342734654,-0.346952348947525,-0.23428792785853148,0.39534253906458616
0.455462746322155,-0.4891375441104174,-0.026884869858622554,0.5126973241567612
0.17178944622476897,-0.25691555216908457,-0.06652167476713658,-0.08985171280801296
-0.48122163861989975,0.052945388853549935,0.2810557657852769,0.5279943076893687
0.36559545887090883,-0.46342622133670375,0.11020492389798164,0.8209438286721706
0.0385398737077291,-0.6341083772713318,0.6601288132369518,-0.27522673830389977
-0.09067230919996899,-0.39558445662260056,-0.0018443502485752106,-0.11077379807829857
0.34681983323146903,-0.2115533946081996,-0.3322968130931258,0.26106762792915106
0.30407589425643283,0.011498947441577922,-0.24560598358511926,0.3948335163295269
-0.09396764748574546,0.07134308591485022,-0.04731084587983786,0.5494456130545586
0.24314709333702922,-0.3533923733048141,0.37365430407226086,-0.6321214940398932
0.006078560196328908,-0.13323150455253197,0.07372677922248838,-0.4072084426879883
0.4448608064558357,-0.351096194377169,0.42611450552940366,-0.6019837260246277
-0.21059171513964733,-0.3528324102982879,0.020725337602198135,0.2204936658963561
-0.4899907490859429,0.14199845492839813,0.346482515335083,-0.28867414593696594
0.48200436433156335,-0.3711167201399803,-0.17566896602511406,0.10079746320843697
0.18373391777276993,-0.06725293248891828,-0.44610650520771744,0.6128607941791415
-0.07079274246158698,-0.24724693060852587,0.01952141523361206,0.29665817506611347
0.18040293703476584,-0.09168315231800084,-0.15620626583695407,0.17519373074173927
-0.6444936667879423,0.3775963306427002,0.1173995204269886,-0.5024816133081913
-0.08775851627190911,0.0766366720199585,-0.32196952402591705,0.5166644416749477
0.10596602782607079,0.20780564621090888,-0.5566864773631096,0.7511663064360619
0.18485905691826093,0.15579720102250577,0.3430924706161022,-0.1995522417128086
0.5012064278125763,0.16474569626152513,-0.23432288356125353,0.010496178641915321
0.28528882935643196,0.13179604709148407,-0.3096795491874218,0.23195951618254185
0.21306444332003593,0.1858300670981407,-0.2887508265674114,0.02792520448565483
0.5675843041390181,-0.3544609725475311,0.5646216377615929,-1.2566826865077019
-0.6284790504723787,0.3357728883624077,-0.06633049026131632,0.3535255379974842
0.23609692230820656,-0.4580446906387806,0.18217327594757082,-0.5378857254981995
-0.11121324449777603,0.05155514627695079,-0.18346637375652786,-0.21217734925448895
-0.27986180409789085,0.4148160688579082,-0.13574489126913247,-0.7056160860229284
-0.014235377932588278,-0.22509841099381445,0.38771641850471494,-0.501665074378252
0.107821024954319,0.2529843129217625,0.006131479889154412,-0.10629794001579285
-0.06019954414417347,0.05006136354058981,-0.1813264198601246,0.09951838478446007
0.8935299217700958,-0.6140124299563468,0.3809856385923922,-0.04511972889304161
-0.05315812677145004,-0.25759020671248434,0.026951216533780076,-0.9198615606874228
0.35826776176691055,-0.45625744592398404,0.715336455218494,-0.23357753455638885
-0.021978437745322765,-0.15604382976889608,0.13886910155415533,-0.23650648072361946
-0.10507889121072367,0.30586935813771565,0.021880526840686754,-0.0750872790813446
-0.1506364500770966,-0.132102669775486,0.12251958027482032,-0.19988643191754818
0.049123921198770404,-0.07427345849573612,-0.08263862058520317,0.22452532686293125
-0.7059137672185898,0.7418189719319344,0.01006687805056572,0.13586852326989174
-0.11449897289276123,-0.18049821630120277,-0.0268855020403862,0.06381366588175297
0.31779001001268625,-0.2530997501686215,-0.06330301295965912,-0.08062100876122713
-0.2408033528675636,-0.38919494599103927,-0.13653077632188798,0.12227534875273705
0.03141080029308796,0.06667291671037674,0.02722061965614557,0.4856254057958722
0.45762066543102264,-0.7711101576685906,0.5749443501234055,-0.9475994149688631
-0.3975810231640935,0.2811206614598632,0.037626523710787285,-0.30582350492477417
0.14590960562539598,-0.0135726858396083,-0.2740743577480316,-0.08526764810085297
0.15125888586044312,0.15633980333805086,-0.2945148685015738,-0.0690764314495027
-0.10957478506801029,0.2543726344127208,-0.5983186151832343,0.8992588575929403
-0.28952534683048725,0.6032917816191912,0.0033973567187786102,0.04780092276632786
-0.13797591254115105,0.012426595762372011,0.3624814324080944,-0.562502034008503
-0.06457982212305069,-0.04852174036204815,0.06452983990311623,-0.40061787888407707
0.14980308878390738,0.2611688387347385,-0.17355228811502454,0.15202243253588676
0.3914496414363384,-0.8387905165553093,0.22122630693484097,-0.18100219883490354
-0.40016061936815583,0.8756562041118741,-0.22319642994552852,-0.06611618027091026
-0.08802393451333046,-0.11634863801300527,-0.3334319844841957,-0.007247403264045715
0.03278315315643946,-0.12232383191585541,-0.11906450577080249,0.32346236892044544
-0.2491292652363578,-0.03799962457269429,0.09064834117889403,0.187643364071846
0.4011297290368626,-0.03614077963866294,0.48254207745194433,-0.42388281039893627
0.5282654934562743,-0.1572534349747002,0.08224332854151725,0.024689162150025368
-0.36369944208612043,0.18299943432211876,-0.46726950295269487,0.7931492496281862
0.3363467493715386,-0.33641107147559524,0.02769561856985092,0.18198814243078232
0.20510906477769209,0.34224631786346427,-0.9362337231636046,0.6333314478397369
0.07494280425210793,0.01691252440214157,0.032408475130796435,0.19743261486291885
0.030133518079916655,-0.2927160494029522,0.26279506534338,0.5625894851982594
-0.12104748717198768,-0.04181520659476519,0.11187462800880894,0.525148585496936
0.15083070596059162,-0.7660529948771,0.16428970731794834,0.19472126476466656
0.3272952327194313,-0.05155771579593421,0.30240286588668824,-0.026678115129470825
-0.4262263923883438,0.16214466691017151,-0.31554179489612577,0.3741188421845436
-0.2809673398733139,-0.5020180433988571,-0.01956977173686028,0.5399533286690712
-0.21069185746212804,0.13325199410319333,0.37464777734130617,-0.09835997130721807
-0.3761206269264221,0.18181091845035552,-0.0861117785796523,0.33140504639595747
-0.25478877375523246,0.21459672115743156,-0.28335046283900733,0.39940395951271057
-0.40386056837936246,0.4876413200050592,0.23137765526771548,-0.546673889271915
-0.021993789821863174,0.18990626707673075,-0.02388502061367037,-0.07535570859909058
0.07700237592992683,-0.6330966763198376,0.41943856701254845,-0.05625518783926964
-0.21879440546035767,0.1715685695409775,-0.6863006770610809,0.5439608842134476
-0.3359670837720235,0.5629582900553942,-0.38252915553748607,0.13199386559426785
-0.05463470270236334,0.051226274880173145,-0.22714220530033344,0.1441247295588255
-0.22582675454517206,0.10412869472056627,0.07444789111614228,-0.6495783403515816
-0.579109879831473,-0.07138461172580718,0.3013784971088171,-0.2756163701415062
0.293965840091308,0.5543621473014355,-0.22249157652258877,0.3940514586865902
-0.07161910086870193,0.045539993047714236,-0.013198717683553695,0.09233220480382442
-0.13431368147333464,-0.11980816572904587,-0.28977222261019053,0.45664392528124154
0.22168648739655816,-0.5442927740514278,0.13376567792147398,0.2463051090016961
0.38876447663642466,-0.8921531869564205,0.3000791218364611,0.054562576464377344
0.384940209488074,-0.6132990742102266,0.2917762422934175,-0.3091563321650028
0.5096514696876208,-0.4106568172574043,0.4306055074557662,-0.19828710611909628
0.21171040274202824,-0.034204219654202506,0.07964458987116818,0.16711260005831718
-0.5975472877422968,-0.1384095922112465,0.27612493420019746,0.06133139645680785
0.04719272876779239,0.13965410590171815,-0.0592218678444624,-0.24536352418363094
0.02515300860007602,-0.3974212300032377,0.42588328421115873,-0.15476353466510773
0.9637942959864935,-0.48435015678405763,0.036951475590467464,-0.3129654787480831
-0.20292790637662014,0.0997607758268714,-0.027764872089028364,0.19946161098778248
-0.013429341837763786,0.37617865614593027,0.04300651662051677,-0.05973604880273342
0.15014954345921672,0.003588685765862465,-0.3729047030210495,0.8390436917543411
0.3466101735830307,-0.13001189529895782,0.028948532044887544,0.13395803980529308
0.09517973847687244,0.17723375968635083,0.17717205323278903,-0.0704327467828989
0.0430318542445699,0.14104951936751609,-0.18428538665175442,0.43798380717635155
0.12472117816408479,-0.4283506952226162,0.17103564254939557,0.5968725327402353
0.3160813028613726,0.09429325684905054,-0.42871601656079295,0.024026066064834595
-0.2073029736056924,-0.10745954215526582,0.18724232614040376,0.12859060987830162
0.11809145907560986,-0.2214895963668823,0.1917165659368038,-0.44543393328785896
-0.4216244233151277,0.01501162499189379,0.15903101596049962,0.04621082847006619
0.2710311538539827,0.598508542124182,-0.7052082560956479,0.18520640954375267
-0.37868252520759893,-0.30577955320477485,0.14489956498146056,0.522165447473526
0.9010950587689877,-0.4181107826530933,-0.043163873115554446,-0.44136251765303314
-0.11947734157244361,0.029421353340148948,-0.2414961099624634,0.42643845081329346
0.267317535666128,-0.20127061661332846,0.22921465523540974,-0.1167573407292366
-0.16747709860404325,-0.33367613703012466,-0.1368991583585739,0.5735560208559036
0.14571422586838406,-0.1895212262868881,0.23796004354953765,0.4455145597457886
-0.0971312401040147,0.16777317672967912,0.11038237363100051,0.15784768760204315
0.6002035786708196,-0.4676377587020397,0.7074765673751244,-0.5035046785051236
0.2232748381793499,0.2638005010783673,0.28477346971631046,0.14269010350108147
0.08120756968855858,-0.1798338510096073,-0.4645675018429756,0.1088535264134407
-0.4194488590583205,-0.03714578151702885,0.5107207104563714,-0.12963081151247025
0.7693045648435752,-0.6477441668510437,0.4099407374858856,0.19214928150177002
0.09260709956288338,-0.0021866433322429712,-0.4539863184094429,0.05655851250048727
-0.2733334874113401,0.2053114861249924,-0.03184708729386332,-0.06476325914263725
-0.2049951208755374,0.5374370126053691,-0.5198142008855939,0.2643934760708362
0.10116319358348846,0.20293965041637418,0.15449345633387568,0.21720588579773903
0.18111014862855276,-0.1428550235927105,0.13156064376235008,0.6918307580053806
0.4411671422421932,-0.629788713902235,0.22166888872161505,0.4084995551966131
0.03856948763132095,0.5412416473031044,0.16610427051782606,-0.7493826001882553
0.05105852832396823,0.6233532458543778,-0.4200194507837296,-0.1512446627020836
-0.27688962205623585,0.6293474480509758,-0.4038736119866371,-0.15965043753385544
0.11153368279337883,-0.10723254382610325,-0.36347272321581836,0.22633395716547966
0.25149511359632015,-0.0028977092355489675,-0.3945306114852428,0.5101153738796711
-0.13546585105359554,-0.04800959341228006,0.21179145425558088,-0.5417667403817177
0.018413355108350515,0.2794783324934542,-0.3046644446440041,-0.08142040250822902
-0.19857925362884998,-0.16875397823750973,-0.03474275637418032,0.38119487930089235
-0.20484185560295978,0.4898805655539036,-0.500584667082876,0.33972029155120254
0.2260950816174348,-0.4052906334400177,-0.027633151039481163,-0.7100531402975321
-0.024472194258123636,-0.04308049418032167,0.13985333163291214,-0.08420400600880384
0.049340398982167244,0.18769088722765445,0.17111962139606476,-0.9096903242170811
0.2064057510967056,-0.1217364177107811,0.15684274323284625,-0.5128944739699364
-0.013921769335865974,-0.0571819681674242,0.22484126389026643,-0.19927627965807915
0.16493558759490648,-0.1139269858598709,-0.17384395226836205,-0.7082686461508274
0.06561218326290448,-0.03968483731150627,-0.34904869729653,0.5311159775592387
-0.07449867855757475,-0.2709485799074174,0.5466371089220048,-0.7063869386911392
0.39833018494149053,-0.8545143030583858,0.34799653142690656,-0.0699152760207653
0.4311398143569628,-0.7264850001782179,0.23274922482669358,0.5946097932755947
0.24001046371025342,-0.624491493916139,0.42754872143268585,0.01571556180715561
-0.23491703843077022,0.07589069902896883,0.3219684018054977,0.47138555662240833
0.17280583083629608,0.07488359771668912,-0.25988579243421556,0.5499716605991125
0.2942010990033547,-0.9501717649400234,0.916059697046876,-0.8210096303373575
0.3802918208142122,-0.1208835624158382,-0.18824445754289632,0.801436148583889
0.3174150710304578,-0.4257013738155365,0.3637920274399221,-0.009675101842731237
0.47515623085200787,0.5083720460534096,-0.029111038893461227,-0.14081736281514168
0.0062199297050635205,-0.15686823949217799,-0.04007699005305765,0.36286732368171215
0.23249067987004912,-0.18368438109755514,0.080078749358654,-0.04271306097507477
0.11824675370007753,-0.19664182029664518,-0.16812788248062133,0.2662835502997041
-0.18353916456302008,0.20842875614762307,-0.30534394113346935,0.06104532955214381
0.16521912068128586,-0.5684498697519302,0.061836689710617065,-0.15270715206861496
-0.02727129929310952,0.011221203254535794,0.3991120234131813,-0.3351395586505532
0.2531421519815922,-0.01458555534482002,0.4139187678694725,0.22973333299160004
-0.0934841608007749,0.0011294156312942616,-0.26410687137395145,0.2977500455453992
0.1169478918115298,0.23589072972536085,-0.4216571877710521,0.9111519972793758
0.5051847007125616,-0.15088953152298928,-0.05782597437500954,0.10789620131254196
-0.3104625331858794,0.07180000320076943,-0.10500397244468332,0.16058870078995824
0.04869367120166618,-0.3425810322165489,-0.2645592033863068,0.4619424194097519
-0.18496776620546976,-0.017479270696640015,0.21109527349472046,-0.18645837157964706
-0.5015227664262056,0.30905737280845647,-0.13763436228036885,0.3565044477581978
-0.24016265819470084,0.22190158963203432,-0.03544278871268036,-0.6063993023708463
-0.27160372336705524,0.3794480701908469,-0.24160484597086906,-0.3160715885460377
-0.6597826642294725,0.5433833181858063,-0.4908032987266779,-0.1877576094120741
-0.23040122911334038,-0.21676650270819664,-0.04007808491587639,0.9621422663331032
-0.4906829210619132,0.3109264403581619,-0.009129385650157917,0.2142725009471178
0.36785830557346344,-0.3967478841543198,0.2914836749434471,-0.3334137201309204
-0.2701079907516638,-0.6388222992420196,-0.10720174312591552,0.950775220990181
-0.4371425900608301,0.7238678120076656,-0.07929202243685723,-0.41318418830633163
0.11100570609172183,-0.40106410831212996,0.17453916296362876,-0.3413895480334759
-0.3920784216995041,0.2936830187216401,0.053580694645643245,-0.10616600140929222
-0.18246173858642578,0.4012383238878101,0.3846682384610176,-0.49395405664108694
0.16073767933994532,-0.38742575142532587,0.10156122129410505,0.06488257832825184
-0.3409780065218608,0.14082383066415788,-0.022779335081577312,0.1412259954959154
0.12823495206733543,0.5420212049037219,-0.4620101630687714,0.7439338266849518
-0.41609121424456436,0.3242409825325012,0.3151859790086746,-0.6550880819559097
-0.013302815457185119,0.1017254929523915,-0.18500161576084792,0.3741787075996399
-0.24683264084160328,-0.01717633754014969,0.2553985007107258,-0.5010730288922787
-0.21891088100771108,0.2371479321271181,0.02948032720014453,0.0239020143635571
-0.24062492201725638,0.08123662322759628,0.01689206063747406,-1.0194858461618423
-0.3606308028101921,-0.1581229418516159,0.18532229959964752,0.3936375603079796
