1931-1940,1941-1950,1971-1980
-0.4099379970746882,0.15130806593772245,-0.12010072730481625
0.004367069286458636,-0.4866563276771237,0.41209089383482933
-0.3339935400906731,0.22956208227311864,-0.1594085618853569
0.09933043917750611,0.5851304168429445,-0.7966240271925926
0.020619524314123047,-0.06252481196733083,0.11625723913311958
-0.18775086499312343,0.13546072899856987,0.31928705610334873
0.22280554210438447,0.41507523769841476,-0.50309868901968
1.089415168060976,0.3509384341099683,0.013136476278305054
-0.15586344481391065,0.1337242680875694,-0.4027845524251461
-0.1176668388002059,-0.033285349497900296,-0.15403486974537373
0.49449392890228944,-0.08078527932657915,0.41793278604745865
0.36576857089119796,-0.14235209344941024,0.6845186278223991
0.6356500803547747,-0.2633123069125063,0.8501781970262527
0.17295150173937573,-0.01031651063000455,-0.28451017290353775
-0.9326894037863788,-0.29156967471627626,0.3409132659435272
-0.6298765794319265,0.05651080542627501,0.14884978160262108
-0.5551275238394737,-0.32000038027763367,0.6090011671185493
-0.5496160402784452,-0.2454538814833059,0.31858675740659237
-0.07981131401132135,0.053630934918628026,-0.4918041154742241
-0.6746913396260318,0.15126792122335997,0.41034525632858276
-0.5089673601529178,-0.02394609744934475,-0.23678002133965492
0.05815088696887388,0.09230230474735007,-0.049845021683722734
-0.15290010019260294,-0.09605403573197477,0.02845350280404091
0.021477680434198954,0.02751823164084377,-0.40767311677336693
-0.07694153509595814,-0.06430589572033463,0.2725371662527323
0.3176761401050231,0.1468149441130021,-0.1445523202419281
-0.3737143889507827,0.30389119838090506,-0.6721370667219162
0.534901579732404,0.014549756532206248,0.2459755390882492
-0.35281216177870245,0.27844697247971506,-0.5584994982928038
0.015257348032558626,0.36967496135655575,-0.5523689985275269
-0.23689773623995924,-0.12754415775484895,-0.4915970750153065
-0.6573807588394951,0.22387266071403733,-1.0426454842090607
0.554424577337854,-0.2763521382037331,0.3391110524535179
-0.32318488946732354,0.3436638030278332,-0.32761057652533054
-0.6224951075718683,0.09765041268923703,-0.42386753484606743
0.06375543422558727,-0.22974660642006817,0.43415403366088867
0.13491859002148404,-0.3477972009602715,0.05749533697962761
0.4482583456179675,0.08372053071199095,-0.12086853478103876
-0.7600714187411701,0.38728024766725655,-0.09179449081420898
-0.3508085170212914,0.14103916561340585,0.15165684185922146
-0.6359668312703861,-0.18399470913059573,0.38502972573041916
0.3828759951626553,-0.1656122258042588,0.09129824489355087
-0.14784959484549132,0.05000921864719954,-0.5219040140509605
-0.6742027499439085,0.26427716991918926,-0.9895249903202057
-0.08103233049897587,0.08998102541355527,0.18901583924889565
-0.519259958582766,0.25029006885255084,-0.08218574896454811
-0.6944979271467995,0.44730792852009044,-0.6102208495140076
0.437280061928665,0.16658477923449347,-0.09597022831439972
0.10254965722560883,0.0420996923930943,0.3330814088694751
0.6216166692183298,-0.3902320947826785,0.4595391685143113
0.729185987921322,-0.10645741662558389,-0.40724972635507584
-0.15698745956315713,0.21618480344905572,-0.07947510480880737
-0.01047279466600981,0.4628268234870013,-0.8297518566250801
-0.17550045996904373,0.168108731508255,-0.6609967276453972
0.610400956343202,0.01419611253282603,0.07777077332139015
-0.47781238135169535,0.4046567695982316,-1.4145820289850235
0.515050332993269,-0.1790410615503788,0.12025754898786545
0.07507546530926928,0.4665803657296826,-0.5043218359351158
0.460754831924158,-0.02375392582924926,-0.2791533749550581
0.45469786139095536,-0.08988940628135911,0.4763071835041046
0.11759335284723955,-0.1149854335714789,0.10059587750583887
0.5726737169658437,-0.0012661678826107678,0.014912940561771393
0.8072820783537977,-0.7364460688960903,0.34179763309657574
0.06691474160727331,-0.0818545862155802,-0.29202263057231903
-0.2731567540151232,-0.13935350692447493,0.5639714598655701
-0.37619268105310555,0.10345150113982313,-0.43022504821419716
5.027476479024795e-05,-0.254385365282788,0.6509032621979713
0.07706275591900683,-0.09447865756502485,0.08100362680852413
0.5382962301373482,0.013323597609996796,-0.429565935395658
0.06279516976107569,-0.5837805384003064,0.6255336590111256
-0.18086564102593589,-0.08353205090936493,0.24048283696174622
-0.017017716432318974,0.4287471937782624,-0.4545070305466652
-0.23318202136194005,-0.06006872193778262,0.441555293276906
-0.03559897752369151,-0.3987208390060593,0.25747453421354294
0.22231520361760082,0.0027729699059444446,-0.016902634873986244
-0.25123944637529994,0.14556080979459426,0.08750017359852791
-0.5072356414268999,-0.09681731944575028,0.10789002478122711
-0.2087888369227157,0.3469185415545807,-0.0815407345071435
0.018958006711567166,0.020654625533258197,-0.3181241862475872
-0.6629958485855776,-0.04415341116049709,1.0135330185294151
-0.06639232289265184,-0.1442575921468875,0.48379403725266457
1.4294718153336468,-0.34872744079021845,-0.257592398673296
-0.6627698207602781,0.6637065077529234,-1.0426742732524872
0.7999036557534162,-0.43538418445078764,6.558210453018546
-1.1404405012726784,0.6826266199350357,-0.9971088245511055
0.11271749918951707,-0.08697355275644975,0.17351128160953522
0.7848394605166772,-0.7427741977221826,1.2940120920538902
0.5800504337119705,0.7058501050752752,-1.0989998281002045
0.5155251120381495,0.10309584707240849,-0.5289094345644116
-0.37040215380051555,-0.31076596282860813,0.12852302938699722
0.22935078512219823,0.18498661149950588,-0.1827245131134987
-0.2653243031133624,0.20362950598492346,0.47937601432204247
-0.002399130450452064,-0.09168985047761133,0.015306713059544563
1.039490685743444,-0.05179746536647567,-0.39255882799625397
-0.3503232780186569,0.0348517480580246,-0.4564324803650379
-0.05855617716031916,-0.6559008467285072,0.3708599843084812
0.28649493438356066,0.014051618602345967,0.011751744896173477
0.3463580494417864,-0.12360396773061333,-0.4237006139010191
-0.6180732510983944,0.19947805628180504,-0.7199953645467758
0.26046622544527054,0.34863459318876266,-0.576262541115284
-0.32938777523882246,-0.07963944357984207,-0.18519210815429688
0.7368404071997194,-0.41321757326231284,-0.04073270782828331
0.5771568951142185,0.24920061855193448,-0.6507293805480003
0.4313003232373911,-0.45915878728470383,0.017411334440112114
0.7655357797356213,-0.44711560799795036,0.7308991178870201
0.3371410017066142,-0.055310109739794444,0.1840905100107193
-0.14164548465872512,0.24983276246005998,-0.25480776000767946
0.7581532746553421,0.25277877040207386,-0.06910686381161213
0.3066794285002877,-0.07180783612763181,0.49206582084298134
0.023689620196819305,-0.1848079264163971,0.11564821749925613
-0.44890450949178023,0.028725943363764703,0.032056719064712524
0.6977360684643774,-0.26127730945453925,0.6863412484526634
1.0760971895035576,-0.34820362837875596,0.7919061332941055
-0.7464297983576269,0.4069523524273844,-0.827541533857584
-0.0779258990112473,0.21537119982873693,0.26466261595487595
0.13553044462905212,0.09675617253079133,-0.4547935128211975
-0.2421014745007543,0.16612540075884147,0.16824037954211235
0.4155014639391619,-0.0842094884856659,0.5328150521963835
-0.3602914829902789,0.4184580166988513,-0.5196263194084167
-0.9355581805986517,0.22927004033151793,0.043201249092817307
-0.8837395842899295,0.1825776297379943,0.36504631489515305
-0.29604972197728996,-0.14997940466684456,0.5872732847929001
0.6682151725844425,-0.3087980171994251,0.6428023725748062
0.15612507567686193,-0.3483886490849888,0.7884004861116409
0.5857990226324867,0.2954022148076226,-0.3507341742515564
-0.3347579751382856,0.08721447812722011,-4.732216538861394
0.5893118521746468,0.044495071229689265,0.18152508698403835
0.21959880235440588,0.327031893107821,-0.9400106817483902
-0.4827715623028138,0.2765442597515443,-0.8437481075525284
-0.11559717288679061,-0.3080519295626265,1.1133550703525543
0.435558728654595,-0.057761234943481066,0.14849035628139973
0.009940717588452719,0.07070016466519413,-0.9268444925546646
0.6773592663161895,-0.2534303200595519,-0.3440783619880676
0.18789884426137982,0.2458949277506155,-0.6832195222377777
0.5109339741277782,-0.24534194294691963,0.20985764358192682
0.14528213277020874,-0.38263736500897827,0.46364912390708923
0.03272077419302044,0.3669651525423807,-0.27470753341913223
0.8457284512765267,-0.7317925485617974,0.8232039958238602
-0.2036967991906054,0.024975311668480146,-0.07408472895622253
0.1428406428107444,-0.19118456947891152,0.08247324824333191
-0.7341915097306756,0.1342401456306962,-0.8906481452286243
-0.4061227502191768,-0.0913725769256844,0.24839282408356667
-0.020342223565368092,0.07463427096167032,-0.11344734765589237
-0.7549423623610945,0.24833572392954545,-0.14096671342849731
0.24990425938192534,0.03860514676746202,-0.2811693772673607
0.589292577084373,-0.48443424942738866,0.775806974619627
-0.21739887906348,0.10418359650408515,-1.1195687651634216
-0.034149200600736285,0.3240256690803696,-0.6826614215970039
0.3521369068938143,0.033838189480935824,-0.16578617319464684
0.1511112140382037,0.19221920837812567,0.41714425198733807
-0.3250645495512906,-0.011190885349231607,-0.04386783763766289
-0.13969772254281185,-0.3443571856135831,0.32565517723560333
-0.40960895138628345,-0.381803282920052,0.3051428347826004
-0.2903698525008033,-0.02292697964345708,-0.0348309651017189
0.2624286735320792,0.2593016022925868,-0.35064576379954815
-0.7879027719883358,0.7005900438217556,-0.8988771289587021
0.20351161500986886,-0.36284493348177743,0.7367193512618542
0.15986373078297167,-0.16340842645834475,0.07579655200242996
0.25898851410431023,-0.010818302193108753,-0.3862501308321953
1.0385086312890053,-0.281170517206192,0.8689714167267084
0.15619475701275992,-0.19057377362075972,0.5318745262920856
-0.399926306132008,0.008902321953107306,0.45465523563325405
-0.21071288515539732,0.3123235904118594,-1.3342084735631943
0.2966772780260619,-0.3238404371282634,0.02019645646214485
-0.32496433288735505,0.4464752259938156,-0.13407500740140676
-0.7734584608937011,0.7883996019030318,-0.660177007317543
0.19338880304028006,-0.4394299444906852,0.7949353978037834
0.23518836925573208,0.06858006996266983,-0.118893938139081
0.13930173108682914,-0.06064620131955428,0.06570939719676971
-0.7093152438893038,0.1343903949155527,-0.9144214913249016
-0.1259579342954299,0.10054994944263906,-0.6537851691246033
0.8033975897466435,0.24653888362295487,-0.7196423560380936
0.17182884321493264,-0.20069275938850994,-0.21467887423932552
0.17933527073439431,0.1572396525127046,-0.3317742608487606
0.9831451905124328,-0.14374670211006613,-0.06910569220781326
0.29941105513888244,-0.3332084347220028,0.17015058174729347
-1.1287162926267176,0.32887014264569564,-0.30049137212336063
-0.42157116532325745,-0.290005668066442,-0.09847329650074244
-0.16108867175438824,-0.18090583362123547,0.2828368581831455
-0.2624586544492665,-0.03480957601876819,0.2785978876054287
0.20037780148798934,-0.3986286130350303,-0.09806780889630318
-0.2043390581932138,0.47113294718677506,-1.053419810719788
0.1254204726394485,0.05426182313000455,-0.15413765236735344
-0.26766680685036326,0.13432898876421592,-0.06710774451494217
-0.04017128006500359,0.3039896036772167,-1.3364920616149902
0.316595221267027,-0.11246736566810048,-0.17898672074079514
-0.24296968539848046,0.2503885227967711,-0.09220921620726585
0.8463490789427477,0.08568608410218181,0.565700925886631
0.6365090867175776,-0.3082747717990595,0.7145173251628876
-0.449944858384483,-0.4326830646570991,-0.004440318793058395
-0.25032220737022515,-0.11400588645654566,-0.019795484840869904
0.9574094620697639,-0.33840253401328535,-0.20468347892165184
-0.406571427031475,-0.04464665833203231,-0.025795241817831993
0.6145758225637323,-0.48832358858164615,1.370339248329401
0.004111545050845433,-0.3510376497938791,0.287455749232322
-0.08323159287957585,-0.26830759332241383,0.6597963338717818
-0.4826344529933789,-0.21843777049113722,-0.30070971697568893
0.7437157446847242,0.10731163785299835,-0.31412710063159466
-0.3957746979944846,0.07455247558434219,0.17843361850827932
-1.1037799970192068,0.16932349213782477,-0.28696105629205704
-0.16275619342923164,0.14443439245224,0.4846995212137699
0.24503636886091795,0.3176286764004651,0.09036408364772797
0.02502358047401204,-0.3855143086436917,0.20499412342905998
-0.04084929297952089,-0.28316541542025175,-0.15397464483976364
0.22713380306959152,0.14527582004666328,0.10161297395825386
-0.7711707774330587,0.24278095846667008,-0.7867444828152657
1.1408357970854814,-1.0116048805853899,1.1203698962926865
0.6233599668039995,-0.10962003447553692,0.39944083616137505
-0.6034166243146448,0.4196701783906011,-0.8027837090194225
0.4656725946594687,-0.13592958559884744,0.2661825902760029
-0.653437783174655,0.08717266020967679,-0.0771514754742384
0.13042544672156087,-0.12834686139488927,-0.655884750187397
0.8876110674703822,-0.331754735287498,0.9565217718482018
0.00426114438211217,-0.4038754635873963,0.012170180678367615
-0.8588190766818383,0.37786944385837107,-1.0991370752453804
-0.011610532946446359,-0.22409043943180756,0.28479088097810745
-0.3852275658179732,0.009552342050215774,-0.01749277114868164
-0.6987324655056,0.04705744981765747,0.6642360985279083
0.01125353750060587,0.3353133929126403,-1.1498507857322693
-0.44501665234565735,-0.2744182348251343,0.30048713088035583
0.21556998745483513,0.11790677576380615,0.16895618848502636
-0.8439375380163684,0.40875143503003264,-0.446581169962883
0.23552117233767228,-0.15243875903680043,0.26237683929502964
0.5198530598598368,-0.5775731845813639,1.3608905971050262
-0.9757841300657567,0.4507568140021142,-0.8942519314587116
0.2806299701333046,0.3533852957189083,-0.14290902391076088
0.27933497310561295,0.3264585179002846,-0.7122931554913521
0.11004555926603429,0.04863767742234118,0.08485323190689087
-0.5613689560662297,0.15493716189966478,-0.8733307793736458
0.17812110045376944,0.03402390070807408,0.21542780799791217
-0.4594211788738475,0.594772399019669,0.02693062461912632
-0.631443440914154,-0.1553006526082754,-0.3046011235564947
-0.0005872096208965338,0.17141433761400338,-0.6420471593737602
0.583540475982077,-0.013293954598553037,0.013516198843717575
-0.13797789198510785,-0.04020977075047355,-0.2782240193337202
0.22126014968928165,-0.17243876001414127,0.6156923472881317
0.01635030240697022,0.29054665981846695,0.12606721371412277
0.21597713999011936,-0.3342712877646965,0.41480707935988903
0.05345760680296842,-0.018625572542933858,0.13044546637684107
-0.1045242701383198,-0.5489626149920857,0.12692222744226456
0.6786401030771873,-0.05918078321744413,0.016225840896368027
-0.4271312945467584,0.26870487005833316,-0.3121337089687586
0.2681540317614289,-0.5047039083917351,0.30022817477583885
0.5920114284929108,-0.5000577187713455,0.549723394215107
-0.5659949323710274,0.3876689179416965,-0.23082244023680687
0.5400677612599205,0.1709872977260281,-0.33752457424998283
-0.25139477673698873,-0.16551297333310633,-0.13230866938829422
-0.3564157295314705,0.17997212291640396,-0.3906377889215946
-0.5183216881226091,-0.07523854931487756,-0.3269573412835598
-0.5914947618456448,-0.07319439531249161,0.4105171002447605
0.9160312992684981,-0.3559422177426955,0.4089162051677704
-0.18609271812088352,0.5697959350312458,-1.1288607567548752
0.4703313414664829,-0.09255849613862877,-0.5738707259297371
0.561701479860965,-0.22766917155069463,0.25953072123229504
-0.2950781478601343,0.18297824701842139,-0.5735021978616714
-0.34025589267120643,0.23488717789159103,-0.3376572020351887
-0.3449001811883029,0.5881471015951213,-0.7162639908492565
-0.636149490799974,0.5234054686392055,0.08936085924506187
2.927294485709247,-2.1297924448462098,17.383841276168823
-0.9648186882190845,0.3030618514098665,-0.7135057216510177
-0.11823853412095237,0.3144323260468595,-1.0069065019488335
-0.29631999195279446,-0.2809231210061732,0.3388494923710823
1.2743123901240967,-0.018402529989971828,0.618521049618721
0.11764920590554967,0.19417032884324298,-0.6547653488814831
-0.8797560294761377,0.37323844224652825,-0.31685938127338886
-0.29762135336504264,0.1325162340174703,0.27900130674242973
-0.4667695517487386,0.07587829034994631,-0.26102161779999733
0.3013592971598401,-0.06620302927844665,0.05201094597578049
0.10244762086692977,-0.41835717418614554,0.1296880729496479
-0.9561516160474104,0.4017331341610235,-0.44989702850580215
-0.16036543841747675,-0.3877986349603709,-0.11237328872084618
-0.3664082650314359,-0.3222508478690596,0.2122041955590248
-0.17054903616800027,0.2776033777524443,0.010522805154323578
0.07743787984637651,-0.10417748834280405,-0.18975481018424034
-0.1985176115789834,0.3128235548296395,-0.6098885387182236
-0.49513101648977575,0.08390333947232542,0.35198235139250755
-0.33073120586135807,0.14503792322733822,-0.3556679002940655
0.45416151250109954,-0.24157875294194503,0.2251824140548706
-0.3391101965132881,-0.32628473551834336,1.0184534043073654
0.3386968353434521,-0.13924995229086456,0.5474156476557255
0.4957246058346594,-0.31484703949707393,0.2632007822394371
-0.23444120257216342,0.006631125202950311,-0.025971919298171997
-0.574064578203594,-0.028614480705822176,0.3065818250179291
0.7911796000073938,-0.619209241888979,-0.033864280208945274
0.5433938959065605,-0.3872617454651524,0.09651164337992668
0.09656472723273671,0.1316343449494418,0.04658078961074352
0.32561532418955774,-0.09050166897256584,0.08174191694706678
-0.26551884325111613,0.5040092720266651,-0.028420832008123398
0.7215730635558858,-0.6404254300629392,0.24852771311998367
0.17989544658099904,-0.3342430451337029,0.11639364063739777
0.031486469156601846,0.08255796616568285,0.04268461465835571
0.70085724245976,-0.49627598177860766,0.6056334562599659
0.6743065714836121,-0.14569864235818386,0.3616850282996893
-0.06854469372945673,-0.07215353616458528,0.1281518805772066
0.7275073851513512,-0.03822066886898348,0.3451823219656944
1.406103844590047,-0.1444542210768251,0.12375763058662415
1.0371400532038773,-0.2167346090735758,-0.10731523297727108
0.8682835198500577,-0.4791177458622876,0.20048080384731293
0.897066840354134,-0.35240678620689053,0.012018822133541107
0.5155223546659246,-0.23381085080258987,0.3649367541074753
-0.6921315123053158,0.4023735602112377,0.9681809991598129
-0.5748655730310608,0.2919832383665968,0.6668306905776262
-0.22519554329269073,0.27301511672489787,-0.0337921567261219
0.2329221727216945,0.3889972524827018,-0.4713421184569597
1.091049247476108,-0.2869588109281133,0.6418739296495914
0.7823487862068064,-0.007655632408226254,-0.557735912501812
-0.329786017537117,-0.08260251581668854,-0.7005306109786034
0.5855264391969232,-0.417805048472741,1.0269072949886322
-0.896809932501877,-0.6513029218596571,1.1248929724097252
0.049641998813432786,0.12928711403818693,-0.5809239093214273
0.4128319191582063,0.22569199103642912,-0.22890615835785866
-0.712508870398297,0.17518974665333242,-0.6710489690303802
-0.9668993318782133,0.45053645617821636,-0.9587890431284904
0.23106451540747108,-0.06396113823661032,0.4575995234772563
-0.8091411200516364,0.4136408102862975,-0.40488599985837936
-0.5422284664476619,-0.10573013072066448,0.2814271580427885
-0.6170802708057797,0.2171295206336414,-0.05753713101148605
0.3771213767502238,-0.3139904159504701,0.35147698875516653
-0.12651248580283103,0.1219396453953403,-0.03119608573615551
-0.4367816634476185,0.1051934864372015,0.4107441995292902
-0.6230998407391941,-0.04351595087962992,-0.10814105719327927
0.0213991245802711,-0.2613362884696792,-0.03848250210285187
-0.38170547038316727,0.0210917666554451,-0.2542279362678528
0.544068706824499,-0.1815741207888898,0.24882754683494568
0.27313880447079153,0.21267752897213488,0.4569522999227047
0.27725855524049087,0.15330616214915233,0.13858745899051428
0.6836122666649959,-0.36447089362670393,1.0768435448408127
-0.6703791697235668,-0.2034153198165929,-0.2522340854629874
0.3464468991493478,-0.5351542284821763,0.5886955931782722
0.018514731351067015,-0.16198342983775277,0.29490583948791027
-0.7730892624925165,0.7172769353012829,0.12086799554526806
-0.47147543027120475,0.3435691413195694,0.4856906943023205
0.11593591553323407,-0.3601156709825291,0.7524883896112442
0.6475244029151166,-0.3960433727787698,-0.05285470560193062
1.2331049788524122,-0.3301463082213612,0.1733426060527563
-0.8113148670424434,0.03461549820049721,0.08573500625789165
-0.24055697462138004,-0.00580797651234799,-0.7104605361819267
-0.11683055407860699,0.3064260969267172,0.17346293479204178
0.11653681888299827,-0.4281625826569164,0.7179193198680878
-0.23735540360212326,0.006966611836105585,-0.13570216158404946
-0.3795612125712282,0.008865472586715883,0.5180540531873703
-0.15655699043589477,0.21152872216942553,-0.025140031706541777
0.31419247827109165,0.10329665550414258,-0.9724257923662663
0.0307249372058055,0.030454791507081073,-0.11422470351681113
0.32372867009219,-0.04832761427935428,-0.5005752593278885
0.33651132005102496,-0.07513084037996393,-0.024714828468859196
0.8059470879242701,-0.07377193890073719,0.6233636364340782
0.245546574539998,-0.08623523621217294,-0.22287492360919714
-0.11596150740104563,-0.6099128607003128,0.26191795989871025
0.16371659824953355,-0.42795354763374605,1.0657425848767161
0.05695508157505709,-0.1785174246658297,-0.229722011834383
-0.4420284493004575,0.5345959080492749,-0.9814607352018356
-0.7709568701684475,0.08265524730086327,-0.04888463672250509
-0.46686668562538486,0.23633519428617814,-0.2109721191227436
-0.04320237632183466,0.1113236847826663,-0.49572143144905567
-0.03582337827366944,-0.08814365088063125,0.3086007311940193
-0.473364269689602,0.15582844089059267,0.4749973714351654
0.26703932333518476,-0.2679514047854087,0.355428796261549
-0.18357571871841655,0.19787704856956706,0.05344127118587494
-0.12002204862587595,-0.20151204856879568,0.9493241645395756
-0.09442041551365571,0.09696069096817689,0.005630955100059509
-0.0942008705700145,-0.5832867914920344,0.5535005498677492
0.23190240923534422,-0.6042490935720065,0.4078957661986351
0.33822684866540575,-0.39843752832316304,0.6084225075319409
0.290488679181127,0.03596675001523074,0.013278260827064514
-0.2700002298635595,0.4640511006993406,-0.8046568557620049
-0.23492769940811042,-0.23500657410306092,0.45880209282040596
-0.3078698612311307,-0.07185219754191008,-0.47943300008773804
-0.549397310899461,-0.3376970079672687,0.5085979476571083
-0.568509615957737,0.2469644546508789,-1.3290408477187157
-0.007160634733736515,-0.31764575745910406,0.98104677349329
-1.0147824190995272,0.5887936480781611,-0.751311682164669
-0.6775095060686855,0.05776961224482341,0.39630769193172455
-0.3473933895721155,0.08244061820647296,0.03811580687761307
0.5123552375418299,-0.20775248789611983,0.14407280087471008
0.20514302393969366,-0.09831920518156359,-0.051236243918538094
0.4434234553619343,0.3646692132906002,-1.0027233362197876
0.4429849318283446,-0.08791658348020386,-0.009596124291419983
-0.8672207992743043,0.21781086439595504,-0.008918896317481995
0.27935273572802544,-0.3303247466683388,-0.24620472267270088
0.3194684009341633,0.10307282625752337,0.17995301261544228
0.36299519974957495,0.12747817683745832,-0.7068199329078197
-0.21728343275540016,0.14207461235277793,0.11154325306415558
-0.4836888539002222,-0.03227169417283114,0.19276949390769005
-0.8325664668398745,-0.09758572913158467,-0.35437939735129476
-0.1557965843993075,0.15141910007771325,0.04475143551826477
-0.6379706364344148,-0.49348292981877045,0.5780938882380724
0.7229277191354948,-0.5012761352255064,0.8337209522724152
-0.24331896522027605,0.008213903316680121,-0.014463718980550766
-0.151438545271316,0.19737024588839097,-0.09256439283490181
0.26297265554175653,0.4135530862738105,-0.9838722050189972
-0.37105662200380773,0.4322226067237994,-0.6982159726321697
0.1337829074438881,0.25688800303375015,-0.9763449057936668
-0.503714877016404,-0.1970705363680335,0.6405473202466965
-0.5523195889066247,-0.038431962185046256,0.20915919542312622
0.18434998962809057,0.2318350969649413,-0.6088091637939215
-0.10607999705654736,0.07064548277241345,-0.6159390537068248
-0.39032577789005113,0.9822532950955278,-0.9984203167259693
0.4678540170630988,0.5847230277517262,-0.648586692288518
0.6560467269052478,-0.16937280183329306,-0.4206259064376354
-0.012730993768748089,-0.10314609811586495,1.5802653133869171
-0.29545451262417965,0.16475700148764783,0.3708488196134567
0.3125716307583977,-0.4370792293373276,0.7792627438902855
0.041532534010270065,-0.4528754025916843,0.4530112352222204
-0.17332037757424745,-0.0013464220306452779,-0.6297854706645012
0.7058164328336716,-0.373463686555624,-0.016225595027208328
0.09208681522046819,-0.20732013223802342,0.12023057788610458
0.27055009366834865,-0.413040227311499,0.4928578585386276
0.3517253569820348,-0.12590874950675401,-0.5072949305176735
-0.4135243042426951,0.9442028670626528,-1.300476185977459
-0.2950182324823211,-0.0538441361311604,0.04771755263209343
0.7254017058979063,-0.46691417584524436,0.2763904854655266
-0.18216032666318557,-0.07773512842900612,0.1576189622282982
0.7480964879779255,-0.16398544751984234,0.1275839153677225
-0.5364892017096281,-0.1752168107777834,-0.445674866437912
0.8237331145826507,-0.2915484094444443,-0.12685036659240723
0.40744599472621784,-0.17853673506418571,0.5002356339246035
-0.36668213336345024,-0.10945709915283852,1.2312599932774901
0.6702888445819126,-0.19662561136133533,0.06293297559022903
-0.43413712632130175,-0.29350926924277754,0.2953755110502243
0.12661875083166008,-0.029626280507620617,-0.36280881613492966
0.34686437336837544,-0.45300644723808065,0.4188792109489441
0.06793366635546966,-0.3374980565379648,0.6062067449092865
0.14949638703290155,0.2644483602660544,-0.30012034997344017
-0.09495144688031253,0.2502528948380667,-0.35179608687758446
-0.5486569132874994,0.13154015207991882,0.17436201125383377
-0.11905332698541526,-0.4272183697013294,0.846264973282814
-0.675098176826449,0.7399987836971003,-1.0420987755060196
-0.3324006844092818,-0.03303131724105163,0.332362525165081
-0.5139197926310932,-0.44394829168039207,0.39679260551929474
0.4618607452687095,0.0332389631692101,0.20472352206707
-0.41063714202712565,-0.027502952253117274,-0.7074899673461914
-0.08669545172768481,0.021436360171612573,0.4304830804467201
-0.4118752416004153,-0.11634503940449041,-0.0990147739648819
0.2692619654185632,0.18834733042646856,-0.6905401572585106
0.3845526634112877,-0.20021315685966434,0.03550145588815212
0.0396550399634768,-0.2300784168217112,0.9672993496060371
-0.21278525560217743,0.3974020746262634,-0.6316912025213242
-0.17618603960556145,0.31331650868934746,0.5646264106035233
-0.2575994899825138,-0.03437932745060501,0.5280230548232794
-0.45490955692880297,0.09279084337108279,0.2684953138232231
0.3085153720834676,-0.10568071282742653,0.20171405281871557
-0.3259915721547954,-0.24755193731364084,0.1991190742701292
-0.0421882355037857,0.05565251497661361,-0.39521724730730057
-0.07879373606513529,0.10307550233076601,0.09342393651604652
0.1698226223097128,0.25215158217093525,-0.3792712613940239
0.5411843412062701,-0.7180031218072948,0.621137835085392
0.18944234861170545,0.009937895051039314,-0.06830809498205781
0.6448608462643974,-0.16172574208501508,-0.044663574546575546
-0.9181337672121385,0.3831618473700741,-0.5699656931683421
0.3462367687264786,-0.3253473300377236,0.7048504576086998
-0.7010106118943762,0.33022271567846045,-0.8790066763758659
0.0512368240777184,-0.05746568454539075,-0.4251517541706562
0.641878382248037,-0.28066808072959676,0.3342061936855316
-0.4576344141627059,-0.3794297626351609,0.933460533618927
0.6605486867620665,-0.17814553320846138,-0.09897943772375584
0.3374389873488861,-0.3502033406539875,0.18716593459248543
-0.07141697297201433,0.19606698939905443,0.44530490040779114
-0.4274704469477429,0.17091626060359616,0.2549092546105385
0.42855321352972703,-0.05921851208104806,-0.17281434312462807
0.17167019361958785,-0.2857074726592092,-0.03915165364742279
-0.6662830565782154,-0.3758302103070652,1.3640982136130333
-0.316992410184706,-0.19960326635662246,0.5857576951384544
-1.0244710964753347,0.596020504613133,-1.2092054411768913
-0.04474206619402943,-0.3173613028929514,-0.26140040531754494
-0.23259948544642506,0.22805284686824856,-0.0995914526283741
0.36914241138626547,-0.9092273396604201,1.303239569067955
0.3311537412159583,-0.8493090962224147,0.6489124782383442
0.5748147797935149,-0.06651449028183432,-0.7556205913424492
-0.11278535732451607,0.1443157412988298,0.04115622863173485
0.7872698148164678,-0.2331971832934548,0.5347696859389544
1.1502628420643948,-0.3447268252425334,0.9956698566675186
-0.2966966208289652,0.25655494893298436,-1.0637100487947464
0.5937548194299727,0.1368452519424917,-0.509581295074895
-0.7812460645595017,-0.10726149906130399,0.15133865177631378
-0.4352801976835027,0.09999696483068607,0.05982141010463238
-0.05479671170606337,0.19056869594051562,0.5807057525962591
-0.9872476427870638,0.15998505866702864,-0.1090698204934597
-0.9125642249470247,0.2622394705300822,0.05278977379202843
0.5906947838032948,0.8033243356382145,-0.4282090365886688
-0.9297383920673061,0.057378954664968396,0.19660921161994338
-0.5824837507132221,0.44318185275530114,-0.22556992433965206
-0.6667185441645629,0.1159989030155189,-0.37268561869859695
0.02739800162175121,-0.1660885626778883,0.5008401060476899
-0.8859161839765661,-0.1609523302930243,0.6512891463935375
1.2064066940151594,-0.2814092227422139,0.6919227614998817
-0.5432418416089871,0.04438712995718508,0.5860811024904251
0.6064849579158951,-0.7186175425920416,1.0803871359676123
0.32184844442150173,0.23952144033768596,-0.6126182861626148
0.22703644266242495,0.29187909880762586,-0.14806295186281204
-0.08323069267413197,-0.0894541249007863,-0.32101371977478266
-0.08656844146111432,-0.2134461884989458,-0.1077834814786911
-0.02115544265903094,0.18113239536828854,-0.5556436385959387
0.7393774030839695,-0.36029821020715375,-0.039385534822940826
-0.5978341310778085,0.3003231960841838,-0.5694034863263369
-0.04199756988707709,0.4131513715666883,-0.5551359206438065
-0.03918177809785395,0.7286376449115136,-0.9801214523613453
-0.5688017001923393,0.25462841899955974,-0.6220816671848297
0.14180054625167565,-0.10461775323047356,-0.14699412882328033
-0.2990039253936094,0.08498679868438663,0.09381092712283134
-0.17339006679899552,0.3185695135856376,-0.38207002729177475
-0.21016599500880523,-0.39446554442538934,0.43980688974261284
-0.29561118913047457,0.0012240013217224843,-0.16107152588665485
-0.305292759090662,0.0924321711063385,0.6320297457277775
0.7887390304137678,-0.1766760974903317,0.687674043700099
0.3586016551536672,-0.35544082084122824,0.5270052850246429
-0.2476650306626278,0.30834137067637024,-0.16278274729847908
-0.10098686748567748,0.39763187923852134,-0.38668685778975487
-0.4254913439645487,0.35177560687503395,-0.5716485772281885
0.3010810683755314,0.2529783304506803,-0.25019743805751204
0.4497648296768174,-0.1355431159848676,0.17617104575037956
0.05130043998360634,0.044001445174217224,-0.10548698622733355
-1.0045211491558481,0.28398947505389943,0.24377397634088993
-0.44825829346390333,-0.12446037153987322,-0.6462444961071014
0.1893634831204134,-0.40066588275572834,0.955476051196456
-0.8358601740397075,-0.10686922363717766,-0.04478414449840784
-0.02398530130877219,0.04763641690506659,0.5738589130342007
-0.07125663351924982,-0.02352068233577642,-0.4616606533527374
0.15520107480423417,0.14242633325321707,0.46024317666888237
0.2572296967401224,0.1955100691274685,-0.42079593800008297
-0.18697588277213714,0.17836744469754837,-0.2942679934203625
-0.011403724332066142,0.008741736192913616,-0.12472406774759293
-0.3570169008830014,-0.03848644313128555,-0.4484614711254835
0.024059411357430838,0.5249361319138723,-0.7853901274502277
-0.7120366052669638,-0.03195538437541795,-0.330764789134264
-0.024173118941047622,-0.3138220265288563,-0.14046334847807884
0.4396572936983669,-0.4015767355175579,1.4734317809343338
-0.5352279673166135,0.3615264425821164,-0.9871072415262461
0.345319100710399,0.09048767661785379,-0.1752600185573101
0.5971945568042643,-0.02672889521893329,0.35260676592588425
-0.32403286590295677,0.37900964214521293,-0.8448281735181808
-0.16498422535026774,0.37026798264945254,-0.7250616513192654
0.8541637812467182,0.16982010708135717,-0.47743260115385056
0.5974063579650486,-0.40345712422448043,0.13711628690361977
-0.6423773932106355,0.3837905655450681,-0.3041212819516659
0.35163187630036297,-0.22356918848612728,0.03205428272485733
0.7604484487982357,-0.7579882968874538,1.5142476260662079
-0.8128083339508843,0.6864610901650261,-1.211419716477394
-0.8003974618280635,-0.39220136535518313,0.5370311141014099
0.33090985445853544,-0.21585515766021082,0.2204074990004301
0.15165875413838553,-0.1471337259692304,-0.2465837448835373
-1.230422392487526,0.41572730243206024,0.5710098445415497
-0.04845481672707727,0.5038307879996651,-0.5074226278811693
0.057903710643158246,0.34441106032361,-0.3128901459276676
0.6339139876996769,-0.24802918491118092,0.6301966197788715
0.312545635682695,-0.6229227175388266,-0.36278710700571537
0.11811962942866719,-0.1480440146782819,0.3603450767695904
-0.08411387310308571,-0.012140172040637776,1.0129136089235544
0.15003480323973822,-0.36542662539902854,0.4503983110189438
0.17193695289247174,-0.1260945623850121,-0.06380892917513847
0.1069135696572416,-0.2146731925142162,-0.120128707960248
-0.2987588999025962,0.5082370397799155,-0.4961867406964302
-0.5440755109576618,0.3449468831805622,-1.2775735259056091
-0.237669677418821,-0.0039471267339061256,0.17169171757996082
-0.060156585977357985,0.1309996939757291,0.01801534742116928
0.1792256424532217,0.3396239837302881,-0.8898672014474869
0.21437760442495346,-0.21952644735574722,0.6346565783023834
0.6664272588403786,0.5431238930015003,-1.0567218363285065
-0.7920277508742669,0.4555004517383435,-0.2575862742960453
-0.05946616346345228,0.14392241353497787,-0.17934618517756462
-0.3966105919988716,0.6825543981702888,-1.055833339691162
0.5571916693931117,-0.43832259570412774,0.5287706479430199
0.3229548852233326,0.19544998600202448,-0.12196051701903343
-0.6534772776067257,0.3254358097910881,0.07579248026013374
0.7608607893480974,-0.5708811392678934,0.9108494967222214
0.3933719028444851,-0.24320172562318687,0.36984699964523315
0.4354708192541319,-0.8687176180674749,1.4087594524025917
-0.35636600501397075,0.2880757266984266,-0.7904511988162994
-0.3010076479438473,0.21182554675375714,0.09701398387551308
0.08908044064746184,0.28532035385861115,-0.6656825244426727
0.24956166174481897,0.39473549287547083,0.04260873608291149
-0.4222940031219931,0.2897061036680551,-0.2810867531225085
-0.1469830870628357,0.05886252969503403,-0.19562330096960068
0.39835044040399437,-0.17522342546897773,-0.5057885721325874
0.3105662625063868,-0.11199884039952474,-0.44637163914740086
0.03171864458743262,-0.1358827159685247,-0.6735497340559959
-0.16423749660744386,-0.08182035928920788,0.08704663347452879
0.1705712435000083,0.09338191326926737,-0.837570421397686
-0.28015306427636566,-0.1027959005578476,0.8919896483421326
-0.22458000086686192,-0.031762104700593374,0.18200645595788956
0.5314942905131508,0.04381928132737384,0.14856376871466637
0.4740725036655717,-0.838755394140368,0.5325883701443672
0.003076958524830198,0.19914310885702863,-0.49942663311958313
-0.11292051655404706,0.051178955856491515,0.5678033232688904
-0.3480488739031202,0.4098822108524687,-0.48933279886841774
-0.1999635137617588,0.037384700030088425,-0.03116593509912491
-0.4991997156073065,-0.2395687651108293,0.043264828622341156
0.25528601863804984,0.2862624048310168,-1.0823322981595993
0.3277130639728378,0.06571965752279058,-0.2584770917892456
-0.18481318915591516,0.25158691669211664,-0.9805944040417671
0.5461411800454644,-0.5847290668855695,0.7641450800001621
-0.8661037569536882,-0.1372561903999132,0.1391693688929081
0.09462349051061798,0.02257150011684965,0.1320674167945981
0.4838685792158632,0.08681492244496064,0.13132397085428238
-0.4673212898128174,-0.0119035112507202,1.521040141582489
0.04480780792586944,0.15209053837529876,-0.2772203139029443
-0.2871684072648778,0.09437133037649534,0.29354451317340136
-0.4299904160639819,0.06531199128093089,-0.025349128060042858
0.5399609238785856,0.27922154097434354,-0.6728413794189692
0.20202433011111093,-0.22962292535778356,0.44962564669549465
0.03321655927335515,0.06131017865503535,0.1083943098783493
-0.4406457326429732,0.22447914323386026,0.33658334240317345
-0.3153166914468303,0.020362063694526172,0.19026385620236397
-0.8701165940831689,0.23878693843589105,-0.7401548624038696
-0.6667060483904446,-0.04378291734439485,0.2548922039568424
-0.36983758758972674,-0.06798375967670889,0.5500216744840145
-0.19913645636509447,0.17025252048145323,-0.285769896581769
0.08961213095223197,-0.19593681855236778,0.5159201174974442
0.21889127221177607,-0.20434548881124048,0.6169145833700895
-0.6326731364516651,0.35130545266849156,0.2666390482336283
-0.05916493692818814,0.19959567048970395,1.1167175024747849
-0.40757659252952116,0.05375403341125029,1.32246533036232
-0.21190380305051804,0.027659747749567032,-0.5885868184268475
0.4196608517976368,-0.26048318713026886,-0.030908163636922836
0.9572550102191812,-0.19726117393549752,0.23286082968115807
0.0670041837455595,-0.2669603996636236,0.41454973071813583
-0.06521526614532751,-0.3149842817117186,0.292551152408123
0.48272930699236255,-0.16318054365761142,0.45024479925632477
-0.1679275088450488,0.2451835327288684,-0.028523623943328857
-0.45090243045021505,0.5108223316424033,-0.4521661624312401
-0.8065892473301467,0.39388848249526587,-0.6204803064465523
-0.41842809319496155,0.1632012315094471,0.6573923043906689
-0.5164661179570591,-0.10510670623796828,0.2279718085192144
0.16254302333383,-0.1658062025466386,-0.11058131605386734
0.5266835334546426,0.3310813513748786,-0.8877444863319397
0.6101550118011587,-0.29706961223307776,0.7020228877663612
-0.1789297428639496,-0.1967469374923145,0.07738368585705757
-0.8683573511593482,0.3249219191424987,0.051283158361911774
0.21318641567931457,-0.3322186291436939,0.6561002489179373
-0.0013998067554305549,-0.19427149364834323,0.07792190741747618
0.43171637549119835,-0.24581279649454002,0.7480667680501938
0.9599733721903142,-0.23511753198416793,0.01584804430603981
-0.9293422961936277,0.13270917556741657,-0.09700653329491615
0.294578798882225,0.09614265633418279,-0.4032547399401665
-0.852284748764599,0.2550372618305332,0.2281979527324438
-0.8526099311078297,0.12192332613117557,0.0928557962179184
0.018539843423401606,0.3023265290128834,-0.1805061399936676
-0.505650628138991,0.3917639886631685,-0.9647747129201889
-0.034045233555576385,0.4747242547352524,-0.8681105598807335
-0.16226569848025546,-0.13700726343428388,-0.15993256866931915
0.03968737011446677,-0.03358852227821074,-0.3081699274480343
-0.39790526558371153,0.40506282974691954,0.2593686878681183
0.265126430813004,-0.4287711152916446,0.7346453797072172
1.3575329265612013,-0.3667589209097273,0.5448297560214996
-1.1228936351835728,0.10841622576117516,-0.20850492268800735
1.0653573686585707,0.22544499092242298,-0.4573257230222225
-0.15914776132387276,0.0964405718533432,0.27674007043242455
0.23309691973468838,-0.42031763239270625,0.28339888667687774
0.5610906087300357,0.37171954880742464,-0.9399892911314964
-0.4577687606215477,-0.2657059133052826,0.5741963759064674
0.6739806482458816,-0.41014998647219997,0.5074679926037788
0.2541379402665531,0.1303684976609314,-0.46162809059023857
-0.12213686722166398,-0.4103635339175954,0.353409007191658
-0.17333729652797475,0.13959313830470338,0.567278103902936
0.019005291602190805,0.17648324326557271,-0.21201269328594208
-0.2692560496575692,0.26207608159850626,-0.245387963950634
0.8412759965833496,-0.1803528136190246,0.15227589756250381
0.49737267590620937,-0.021360356579808615,-1.0571419969201088
-0.7117807277861763,0.20509535161887898,-0.6651314496994019
-0.8176600126659169,0.32181807738893176,0.36738548055291176
0.3042442686855793,-0.1898765992373228,0.2312024775892496
0.49003637050661975,-0.298770467093324,-0.4545115754008293
-0.3953109330990735,-0.04068230618448818,-0.02583181858062744
0.2662710705224205,0.21866603108013383,-0.7581941485404968
-0.2986412311301512,-0.4279202467433232,-0.3198459385894239
0.447851287529749,-0.0016629717805806132,-0.88145986571908
0.5468955557135975,0.22699349044876937,0.45835720375180244
0.20074723748599782,-0.07109465910231366,-0.1755410023033619
-1.0322125142111498,0.6728585024966913,-0.35281115025281906
-0.21679607340518167,0.14311245763126543,-0.4694374389946461
-0.7482268341323909,0.17170629431219664,-0.4265891835093498
0.30606671641854677,0.2056519572130021,-0.620394853875041
-0.2752840073012254,-0.30861869443427115,0.8745567053556442
-0.0431163486312417,0.028078432030537503,0.8340372107923031
0.27298420251292344,0.2061564675258363,0.08908384945243597
-0.0068248686764170174,0.08880071057116284,0.026031432673335075
-0.5812682636520442,-0.5263352117994252,1.3253217563033104
1.4302540719509125,-0.6459451355040073,0.9404009021818638
-0.7045456162270378,0.37787822918856845,-0.05223655328154564
-0.41749389009440646,-0.2731816851917435,0.5396420210599899
-0.6610867604613304,-0.0016888771206140518,0.03568473644554615
0.06660698792513675,-0.12096865168389148,-0.5493207909166813
-0.37956341838135443,0.21148496230735503,-0.7923991158604622
-0.5243632580865831,0.0004196904380531774,-0.26389737986028194
-0.03300093727953296,0.16290099787361484,0.17335320264101028
-0.14231327351401835,0.19220006641219645,-0.2454802580177784
0.23340269572594585,-0.049776073764352224,0.9595031142234802
-0.4017915101174046,-0.3303531604435514,0.25739805586636066
0.6261810143204296,0.02365171516259365,0.15965882106684148
0.46570011447457704,-0.0329793639042798,-0.18548280000686646
-0.12513432651758194,-0.030272267758846283,-1.1498526483774185
0.031623472185695875,-0.18312323042739403,0.2454789604526013
-0.04197229510721037,-0.2390409068149679,0.05512809753417969
-0.12979789078235626,0.21697601675987244,-0.6167120784521103
0.39535843186518727,-0.5368957256569582,1.109399527311325
-0.2523493503823,-0.015765834818868063,0.37689120322465897
-0.22179439444752302,0.0944272248512682,0.0886239716783166
0.1373389826484901,0.05500681536710439,-0.4462779462337494
-0.2165441749727025,0.1349108604823842,0.08179764449596405
-0.914524603415938,0.0024585013880449313,-0.1508103907108307
-0.291305703275344,0.04053610300316535,0.09448528289794922
-0.3887898715979913,-0.2879333851092002,0.2784825712442398
0.7816379447193706,-0.266884204438504,0.6267588622868061
-0.021483372677775003,0.019916176576824762,0.5513682924211025
0.3982736034428372,-0.2017409442102208,0.08560503274202347
0.07642758111743367,0.5453220788827714,-0.5168376695364714
-0.05798433085574824,0.5856904249419185,-0.554743979126215
0.7259261380223667,0.2814946998568142,-0.28372569382190704
0.3986647120293449,-0.18127291375661597,-0.17496403120458126
0.9819243806688225,-0.12358757809681054,0.6661756597459316
0.8349670208990574,-0.2032097689807415,0.17918965220451355
-0.09014912913827336,-0.4404497571727809,0.21597731858491898
0.1921793441562092,0.015007807380136295,-0.5541085358709097
0.29439131564953747,-0.25248824826934757,0.29925287887454033
0.009143547100179335,0.0547090573784183,0.04879458621144295
-0.6621481953736614,0.5972025478806566,-0.6364096365869045
-0.581755319281536,0.04161277194233502,0.23209558054804802
-0.13499523852677908,-0.16654088567284975,0.14957435056567192
1.0180141627788544,-0.18336650915443897,-0.2645507138222456
0.004732723402626371,-0.0988227008458446,0.17985577136278152
-0.8158885214258642,0.7698884580065222,-0.41284720599651337
-0.024860705742064643,0.34577073485535736,-0.3024515472352505
-0.13914980717441616,0.1641549652113634,-0.5486733578145504
-0.27234256442855387,0.4134020003325799,-0.4691532775759697
0.11817101367256222,0.02836802623727741,-0.4447576701641083
-0.4837977671447922,-0.5920712603803944,0.47698454931378365
0.09663056012462168,-0.255228333065615,-0.2736884895712137
-0.1057657498099348,0.15555370330591411,-0.576077651232481
0.042852766592712976,0.15703809283235493,-0.9525309279561043
0.2174091696300927,-0.24151066537289057,0.3650611713528633
-0.5694710040355431,-0.09663206097834248,0.4939774423837662
1.1024227523628403,-0.2542716105852057,-0.03079318441450596
-0.48677006287171565,0.31408684624030314,0.6035966798663139
0.24492079545469844,-0.12888007764430606,0.6622090227901936
0.21542219538241625,0.5507383374497294,-0.8034974783658981
-0.647541893317419,0.32748929937096205,0.04353278875350952
-0.3796507364467663,0.2251985391930622,-0.008703447878360748
-0.1264468238634222,0.971502225188648,-1.2286516427993774
0.41771048608729067,0.17947965000263033,0.10068371333181858
-0.3116595352835515,-0.09087446063537807,-0.2564715864136815
-0.32510942220687866,0.021632418036460876,0.17746852338314056
0.737152899889385,-0.40943311275366473,-0.14353966154158115
-0.2801875830354059,-0.11556986861807461,-0.3370753899216652
-0.5464058846563977,-0.11618911546161947,0.4189619682729244
0.2232230857891195,-0.10726055064622093,0.2854829728603363
0.5857526519719292,0.12890556367004624,-0.8456605449318886
0.039176318575354196,0.011770598809508703,0.11938333883881569
0.17714000449461095,0.313457910409745,-0.49429452046751976
-0.5956448093056679,0.17491865903139114,0.05193033814430237
-0.29500263403443727,-0.055736137225347426,0.827727235853672
-0.2350302996004329,0.2808957515174852,-0.39119853638112545
0.4021285071092493,-0.2685805556419141,-0.284212370403111
0.6896994118304813,0.14970100627225988,-0.5075805559754372
0.3915469006580465,-0.07749958270612885,0.020036688074469566
0.03148159910650827,0.3334534413674297,2.0973947048187256
0.5338628945105216,-0.00107691261698218,0.02748199552297592
-0.192987821996212,0.3048744257539511,0.33941218815743923
-0.09057330690762577,-0.06386886931517544,0.7433920651674271
0.03752705805441914,0.09185741863706531,0.16901477798819542
-0.7776987960233408,0.30219190918347416,-0.5348572731018066
0.2768663450637284,-0.1802967473426286,0.2185843288898468
0.05913380621110692,-0.15287466621135964,0.564672002568841
-0.5531639036010293,0.25216830039725585,-0.357243075966835
-0.5377173103830394,-0.09015479903010759,-0.38912543654441833
0.5149283444180208,-0.2226576840176302,0.3680324852466583
0.547565591028508,0.05997821272296064,-0.17248312383890152
0.26930510603329716,0.24997925966539802,-0.2714396398514509
0.04674711683765054,-0.18763734260573983,0.4261631667613983
0.17275398728602073,-0.010337197605301357,0.2454207339324057
-0.37424134342547727,0.06729773311492275,-0.02223515510559082
0.1509832926094532,-0.5062343291938305,0.44349881540983915
0.2655596264144954,0.030784489915651442,-0.2637338638305664
0.14705382418983126,-0.1931703699862256,0.4298771768808365
-0.9096570203409475,-0.1261008118881899,0.5347832962870598
-0.2666493965422406,0.46834579241626406,-0.7632434219121933
-0.3801267659839462,0.15041200728977427,-0.7270014807581902
-0.3903532654923551,-0.4037003188448794,0.1454644799232483
0.39692202473388,0.28377360587610917,-0.592134915292263
0.4017867765882436,-0.2770088709452573,0.5273049622774124
-0.05412019876872787,0.03256531147395858,-0.5642998814582825
1.002845058984616,-0.8144038122366456,1.3147406876087189
1.0165325841482948,-0.16527262987459412,0.8757154550403357
0.46315905232639876,-0.13070445288630095,0.5019925683736801
-0.5158698374734205,0.3204368392334265,-0.8370459824800491
0.3637399460901232,0.27374096663997455,0.0943987388163805
0.7446353986640186,-0.09199905318810658,0.5066005177795887
0.5025171532350428,-0.3715844943242914,1.0545358061790466
0.7519871487337,0.006059370277559067,0.08117252960801125
0.1506978111232028,0.22672368717544222,-0.704100463539362
0.42056232668897686,0.10565771556952419,-0.4373107962310314
0.41767574967268634,-0.23464101673487353,0.6061084223911166
-0.44506314331117797,-0.014159411849344494,0.29628871381282806
0.10764267580474124,0.08073186216985478,-0.38894420117139816
-0.14275091886520386,-0.029290109872817993,1.1424590423703194
-0.53511568531394,-0.39497749134898186,0.5900829508900642
-0.3737165347179946,0.3206331894239959,0.1250103823840618
0.393076557885198,0.0035968383445459384,0.26461469754576683
-0.29363911850925756,0.22530832486774993,0.08610812667757273
0.7836793065071106,-0.2350650057196617,-0.13866815716028214
0.0613114700159606,0.35628096605924997,-0.821332074701786
0.2525027122567681,-0.09637990856871881,-0.9277508556842804
-1.1065862288369852,0.656989607740851,-0.629415325820446
-0.21023507284767487,0.15905282514936783,-0.17171454429626465
0.39573072598260994,-0.5854491698829567,0.4991076923906803
0.5099645796067575,-0.4457038509495118,0.4767068475484848
0.18258788962574565,-0.757812974645811,0.6802661418914795
0.0724954565658289,-0.28826263152501164,0.6498184353113174
0.34914085115579996,0.4860623680493411,-0.8722836226224899
-0.3560234579969855,0.22768990618779378,-0.41085426695644855
0.3810080960392952,0.2677466534078121,0.03288066014647484
0.3768557634423761,0.17650282958193736,-0.46837828401476145
-0.06929251946070614,-0.5366880369975287,0.4275313727557659
-0.42506299584227447,0.4607600238831604,-0.35396551340818405
1.077929886386675,-0.05785515937296783,-0.15392223186790943
-0.8257104802657576,0.041933265679022835,-0.6823054477572441
-0.5214719071107752,0.4610615416484721,-0.36736835539340973
0.057571426472243115,-0.02580983235555534,-0.29506827145814896
0.33451393158996806,-0.17508407594526515,0.0626186728477478
0.09514097058597734,-0.17970025473657777,-0.019572921097278595
-0.21155242490417817,0.37363022806889873,-0.6091441698372364
-0.6746633863624405,-0.03956944303696647,0.5274083884432912
0.0412825972718351,-0.030410525662934076,0.04841884411871433
-0.18236690189908533,-0.12412569496561499,0.1843143329024315
-0.5744641545940847,-0.6383535953457742,0.30534355994313955
-0.8286477024940884,0.1064662128029501,0.39270919002592564
-0.5011413864353124,0.38142241756705675,-0.6791023761034012
-0.20852750715087442,0.15322251793216257,-0.7265112102031708
0.18446151298635144,0.13304202872164111,-0.5457439832389355
0.5237994882113793,-0.1158420610077241,0.5227427668869495
-0.26464297578615303,0.15805377022308464,0.3226517364382744
0.26365067765993233,-0.04474332326037045,0.799062104895711
-0.06247768397716916,0.062384127036613585,-0.21483834087848663
-0.06731434692354765,0.4580629129401025,0.2003598753362894
-0.6576534386943368,0.31099064538584037,-0.3648545572068542
-0.052543468992499745,-0.014708652873249614,0.15679975599050522
0.4875347916694248,0.2898418302921688,-0.7681203484535217
-0.17211854172980084,0.2655491725925137,-0.7782241180539131
-0.2586671683718177,0.34376921241774283,-0.995819628238678
0.2231212966144085,-0.13600831106305122,0.09443236887454987
-0.38965606514145346,0.11383520263959379,-0.4090402014553547
-0.14767475097494964,0.07122506990152244,-0.533592876046896
0.1891603645156411,-0.023438273764708417,-0.7313541658222675
0.2457822906401228,0.23737844353651294,-0.9614502787590027
-0.26930334451882276,0.29216554607538614,0.19575183000415564
0.7286203749039594,0.12261310000629988,-0.22654705494642258
-0.288344202672734,0.39697687897612066,-0.02703005075454712
-0.9192321379395092,0.030168533763464733,-0.23227571696043015
0.463129143066266,-0.04454382399425788,-0.07349206879734993
-1.2031535508439821,0.4063493090079111,-0.5648743892088532
-0.46706094023059397,-0.25726115528274984,0.5966043025255203
-0.01576281295103188,0.08814653710407372,0.4845725819468498
-0.34539903349736156,-0.16679579370162068,-0.8024750500917435
-0.08538947999477386,-0.22015894949436188,1.194688320159912
-0.240252550033962,0.5003323138636702,-1.051787905395031
0.4696485858191462,-0.03952740242376047,-0.19032207131385803
-0.6013957969844341,-0.001842539757490158,-0.22539906203746796
0.43100979179143906,0.1045554056763649,-0.8141752406954765
-0.1074151195147458,0.10339905913261804,-0.39214539900422096
0.013290312360314749,-0.05444851912119808,-0.6828676164150238
-0.12390594129614968,-0.22809181044645171,-0.19503527507185936
0.43168715913506117,-0.2588961530915078,-0.30146695859730244
0.41142158867681733,-0.0773362732108902,-0.7713940814137459
1.2080707495265148,-0.04910912189413519,0.2154371403157711
-1.2239057886249878,0.4298837314195493,-0.3712971620261669
-0.793052464723587,0.5729103498160839,-0.18871061876416206
0.8629150622907806,0.35316117765272365,-0.4693271555006504
0.01721954433357009,-0.0031595685902763293,-0.8223526477813721
0.21749381282750296,-0.28720809081021476,0.5471487939357758
-0.12282324889126944,0.49435768024448085,-0.3787806574255228
-0.4152206801535452,0.32589126235860233,-0.9711544252932072
-0.030297150616260135,-0.2180603614405674,0.21326179057359695
0.588333423523342,0.03474511644419498,-0.993219643831253
-0.008318459724678706,-0.07815167669425993,-0.3020343538373709
0.10008228044299519,-0.12851630370406544,-0.05022634193301201
-0.31636832742130055,0.6597089925233055,-0.8965553864836693
0.07025623617365079,0.020334746524253315,0.16529351565986872
-0.602788986528621,0.23814642604659586,-0.9575084522366524
-0.15728586901198416,-0.2914575078689,0.6797854118049145
-0.5094957505078876,0.22380970276015646,-0.1875659804791212
0.153434639906182,-0.7270337921731612,-0.0692814365029335
0.3447856762829949,-0.29162922216688886,-0.2105357088148594
0.4135346774230985,-0.3840426922063617,0.0757030863314867
0.5767273626783315,-0.16694808225421343,0.35515937209129333
0.5095959708971136,-0.5667631954831236,0.8158222064375877
-1.0178723392241142,0.23910591576029272,-0.38805803656578064
-0.0897517476011725,0.13898417090668397,-0.3689139485359192
0.6293851373826755,-0.47572172564618725,0.36927440762519836
-0.16537313689203814,-0.07060157726792737,1.432267814874649
-0.08874173769179516,-0.030078668804729647,-0.8210005834698677
-0.2741318941116333,0.060971517115831375,0.185513686388731
0.1790582125677782,-0.42099518679520664,0.022433839738368988
-0.5128893063348883,-0.1943207007887609,0.17866733949631453
0.5336794582579065,-0.12027317559456124,-0.26573993265628815
-0.13575336337089539,0.15943422866985202,0.007453918922692537
0.16408368430155165,0.22770721235257738,0.2423902153968811
-0.28490491386722117,-0.0294159465633771,-0.30174645967781544
-0.24375806781737244,0.18922235849587357,-0.4897521659731865
0.29406865445130015,-0.10156491157763148,0.8631771430373192
-0.21540256370516386,0.1396949306568679,0.49900564923882484
0.5941217887927503,-0.21601765339865403,0.4420817270874977
-0.10880620207856684,0.32879311021636515,-1.077793963253498
-0.15219594450557933,-0.029306829852216387,-0.32400596141815186
-0.3328586696263622,0.32614875124657855,-0.8403590023517609
-0.00490430304232764,0.1424087484312408,0.20217682234942913
0.7643026205546716,-0.1876855836085537,0.2662320164963603
-0.48609567389768715,-0.30901046886163597,1.1558477692306042
0.4708165828795994,0.045120572233024764,-0.20944861881434917
0.4301185760756626,0.03679951987064933,-0.9107503592967987
-0.176632718566586,0.43395760414354945,-0.5621148832142353
0.31572502084514675,0.09864201977410736,-0.6348679717630148
-0.8051753640174866,0.33698906004428864,-0.2003919631242752
-0.846442633691956,0.043152683798004604,-0.12172915786504745
-0.632191235309138,0.3130509295665166,-0.6188284698873758
0.7525908221655032,-0.20217901292969198,0.5722310803830624
-0.011359545785714603,0.1778107456972494,-0.2512643476948142
0.10291046605390661,0.19448191716390498,0.15645627677440643
0.131137562367846,-0.04481932838611743,0.3675139080733061
1.4483638090245865,-0.5488764290862224,-0.025996532291173935
0.7757787851288038,-0.18726106338641224,-0.25380970537662506
0.22134913679431467,-0.29287973221610575,0.8326981738209724
-0.2828977502444211,0.6223226891392294,-0.5650531807914376
0.01935377125354374,-0.05153881911845768,0.05278266221284866
-0.4186931758680764,-0.1266709013348993,-0.042142110876739025
0.6210121521178413,-0.23766257887815728,0.38346358574926853
-0.13423523079494343,0.05199494730571613,0.2824224606156349
0.07047393830383525,0.08963954536353841,0.015370769426226616
-0.9021721745238585,0.24567531443694057,-0.7092041000723839
-0.13246874401674552,-0.30785195778726654,0.3685205592773855
-0.4611775077441159,0.05708248387364778,0.6031328439712524
-0.0182436476735508,-0.13419632657485847,0.5178618058562279
-0.5399399890619165,0.5050514584461994,-0.3773602000437677
-0.05478945023873272,-0.5367249508990961,0.45483653247356415
0.18304170142201814,-0.29759352873353395,0.9972922056913376
0.3439160861513194,-0.11874082465382182,0.29576027765870094
-1.3558396368342287,0.5445651455837137,-0.86141137778759
0.6981006816906088,-0.6014411852640265,0.4688577800989151
0.8056156240841922,-0.2965583015671548,0.08842639438807964
0.4501330773620045,-0.2676768559305107,-0.07576894387602806
1.0016997531056404,-0.5478016212582588,1.1030548959970474
0.18581868664306755,0.09074930890518074,-0.715605303645134
-0.1487957633593503,-0.11349416305037108,-0.3238527551293373
0.4163314307875493,-0.068348957116113,0.006952308118343353
0.547181095708819,0.01999213940957012,0.19691831059753895
0.6226557434043464,0.14079531315056718,-0.16226403787732124
-0.02252746724030552,0.11107178383013783,0.21962285041809082
0.5985344876261318,0.24654289291185494,-0.4761071614921093
-0.28709616424406276,0.14858991751337752,-0.4248038846999407
-0.09205463397152283,0.1843065401429639,-0.16530556418001652
-0.023198515505475165,0.2462902687051717,-0.08771662041544914
-0.12737309406785402,0.0442989602246705,0.502966683357954
-0.48429711557486477,0.16728000737288418,0.13600344955921173
-0.5158038071411497,0.5605853579061872,-0.3231527656316757
-0.047603246810681676,0.05363899195457206,-0.39008235931396484
0.41287056838764863,-0.6492822441984625,0.731150433421135
0.20865306093850555,-0.0899000747458023,1.0120403543114662
-0.7923345995299956,0.14572515908409567,0.44747312366962433
0.2745415463167078,-0.02244471079286403,0.6291683055460453
0.12735908916767905,-0.4337817250805742,0.16240036487579346
0.20601733039845438,-0.26050305191208334,0.09614135138690472
-0.036482464302988626,-0.003182631205109976,-0.21208138018846512
-1.0941924402380692,0.02983745056040149,0.5635658241808414
0.18272121864206647,-0.18146101253874158,0.6361624896526337
-0.2198997098295128,0.3103695917217171,-0.7915768511593342
1.113179868854144,-0.4204543967019109,0.49567488580942154
1.1794577705509521,-0.17213519465397387,0.07703689113259315
-0.25031238838153724,0.38450009419637565,-0.5662067160010338
-0.15063124895095825,-0.16817383095622063,0.1750565581023693
-0.3003842938033974,-0.7469404977472389,1.0782132893800735
0.1107048883157618,-0.058660625206197026,-0.2987938467413187
0.061987960163284755,0.17122417929417946,-0.4227256439626217
0.29962236127432657,0.14733032443944144,-0.23216473869979382
-0.5646648858399952,0.3010467742295826,-0.08089140057563782
-0.4046662487089634,-0.0464065745472908,-0.3608410395681858
-0.5257030427455902,0.09575050650164485,0.12244743527844548
0.9696069405797649,0.0572717562865685,-0.2481814743950963
0.13210077408482046,-0.06122115079094381,0.5610705763101578
-0.7977682682959473,0.15831676454228516,-0.467424213886261
0.7429090287426816,0.21547387206159968,0.4653102792799473
-0.2548747750766137,0.4355969521052697,-0.7840477526187897
0.4891207612612668,-0.04461622457293901,-0.4075328931212425
-0.73980082177064,0.25809926145217,-0.5322355851531029
-0.19402952053967643,0.12074784123722243,0.14167791977524757
0.26115839380551786,-0.3458847660735688,0.06186814745888114
0.20342533498564186,0.20451964602312622,0.028782006353139877
1.2289382402292068,-0.30036416989477244,0.5810074657201767
0.5715239424915874,-0.12778792574125175,-0.23648369312286377
-0.27845613132504854,-0.0872459520092782,0.6854426022619009
0.30267445918391733,0.47998131636311026,-1.4813721179962158
-0.07524675963556066,0.13712697936331525,0.2592955492436886
-0.17554025571135912,0.2255314759471837,-0.8806055337190628
0.20054381472222943,0.04541241991169315,-0.14176998287439346
-0.289435123476912,0.22244485971682215,-0.5429474636912346
0.26735706715022817,0.0915328777011703,-0.5494184643030167
-0.94124655863818,-0.13269055941525632,0.6549644768238068
0.3823111050707452,0.025468590395415547,-0.505310544744134
0.09321052559158381,-0.01913933434030589,0.04084087908267975
0.01677276369403391,-0.39891500946353464,-0.09902072697877884
-0.05115632493706311,-0.0673923290827695,0.15496302396059036
0.0032393456820179432,0.15115678967798457,-0.11689343582838774
-0.5878284743384403,0.011747135068563841,0.05876040831208229
0.5586324171984897,-0.3821234727168784,-0.011518653482198715
0.047634050250053406,-0.3346898853778839,0.15772490575909615
0.23433403057210583,0.3002290340030895,-0.9752127081155777
0.3116846418227343,0.07496519030674414,0.43893788754940033
0.6814000926473561,-0.03131352211622632,0.3400331251323223
0.4601209102308049,-0.03118740339927814,0.4128133002668619
1.216015281265273,-0.6531296094112536,1.4905542135238647
0.27516094156924414,0.06492274692829918,0.12542371451854706
0.11346222778015275,-0.03126337324433465,-0.3216017708182335
0.09460462892756738,0.3119657851536485,0.4404159989207983
-0.9388367752818501,0.30365961001199837,-1.4337297827005386
-0.6055644386831451,0.22831688908969655,-0.39352234452962875
-0.4893221004920847,-0.07045067222241094,0.08600877039134502
-0.11065314282827515,0.4759555192773833,-0.9572741910815239
-0.9383563140735907,-0.45785267256638584,0.5039396286010742
-0.44213819635265017,0.4112785434459939,-0.648209135979414
-0.2994232317980598,0.2992990343447994,-0.3362576328217983
-0.32401723809102,0.13018563411691608,-0.018246179446578026
0.2954037221258178,-0.01956986953668735,-0.16035053599625826
1.1194314601666786,-0.3450229408986428,-0.27147576957941055
0.07807941734790802,0.26886033173650503,-0.24545517843216658
-0.09673841735895938,-0.4250397787374609,0.8354335129261017
0.44535141087630215,-0.4872000256881994,0.7344202250242233
-0.13412492941407594,0.17376223798183832,-0.2751737553626299
