1931-1940,1961-1970,1971-1980,2001-2010
0.15112706273794174,0.29272132366895676,0.043670713901519775,-0.44824542105197906
-0.7091082595288754,-0.7032458372414112,0.9589947164058685,0.08983011543750763
0.9752260148525238,0.49543388187885284,-1.5727714598178864,0.1332920789718628
-0.06202378869056702,-0.5757030695676804,0.36099715530872345,-0.10001403093338013
0.10033532977104187,-0.40432873368263245,0.659948080778122,-0.607263833284378
0.6469562128186226,0.03969849646091461,-0.9354812204837799,1.2297516167163849
-0.4370216280221939,-0.7366135716438293,0.7777930498123169,0.3508424758911133
-0.529630184173584,-1.1868505477905273,0.40725111961364746,0.6166695803403854
-0.33203864097595215,0.098396897315979,-0.6962360888719559,0.423912838101387
0.30321700870990753,0.7514609545469284,-0.7043202258646488,-0.5030293725430965
-0.5264885127544403,0.5164566189050674,0.03763526678085327,0.0033694207668304443
0.7253801804035902,-0.4119111876934767,0.310106560587883,0.07825449854135513
-0.22911497950553894,-0.2310778647661209,0.8313075304031372,-1.2955688834190369
0.05721583962440491,-0.23442143201828003,0.07077407836914062,1.091997504234314
0.28163570165634155,0.1323530077934265,0.1063089370727539,0.5892908573150635
-0.7235888764262199,-0.506194069981575,1.2250037789344788,-0.1657906472682953
0.027568116784095764,0.7983849495649338,-0.8516033291816711,-0.4801540970802307
-0.015793681144714355,-0.09107068181037903,-0.8946208357810974,0.7638794183731079
0.48232897371053696,0.4751128628849983,-0.4495423138141632,0.18050947040319443
-0.3854558542370796,-1.1580478474497795,1.1996185183525085,-1.386000633239746
-0.1918490082025528,-0.09868279099464417,0.8287968039512634,-0.457641065120697
-0.24008743464946747,0.3008211702108383,-0.1626734733581543,-0.4648449271917343
0.6504848189651966,0.7138688378036022,-1.0418146848678589,0.12326991558074951
0.8571818321943283,0.3738500624895096,-1.7282958030700684,1.0810675919055939
0.08245569467544556,0.517430990934372,0.13490858674049377,-1.1219950914382935
0.25052669644355774,0.27148571610450745,-0.27137725055217743,0.15781746804714203
0.15482378005981445,1.0828243494033813,-1.4417274594306946,-0.4461217522621155
-0.5124747455120087,0.43251004815101624,0.7893596179783344,-0.28100525215268135
0.4037376567721367,0.22659898549318314,-1.2047044187784195,0.5142088085412979
0.7242555618286133,0.5484512150287628,-1.2221150994300842,0.9285773038864136
0.385748490691185,-0.5990526303648949,0.6690431460738182,-0.3673608601093292
-0.0816454365849495,-0.4239521101117134,0.3194785863161087,0.9043795168399811
0.3981736972928047,-0.1143142357468605,0.3691832721233368,-0.30819299817085266
0.06726983189582825,0.20405229926109314,0.34044694900512695,-0.6445671916007996
-1.1864092499017715,-0.34996412694454193,1.4449029564857483,-0.47360706329345703
-0.8175152689218521,0.2926067188382149,0.0820978432893753,-0.3097428157925606
-0.3247612100094557,-0.7493196148425341,0.23778879642486572,0.1479945182800293
1.4835520088672638,0.9857306778430939,-2.247607946395874,0.6212761849164963
-0.7196425795555115,-0.03451341390609741,0.9432339668273926,0.12044006586074829
0.39724041894078255,0.420489352196455,-1.3347781300544739,1.458792269229889
-0.3300686180591583,1.174722671508789,-0.4149666130542755,-0.2646667957305908
0.19015894085168839,0.5377617701888084,0.1813555359840393,-1.46987646818161
0.2503543868660927,0.30655280500650406,-0.797258198261261,0.4241647645831108
-1.7927251383662224,0.2191530391573906,1.0538626313209534,-0.11259663105010986
-0.5631155967712402,-0.7853533029556274,0.707578182220459,0.8744040727615356
0.2612989619374275,0.2289658561348915,-0.2861717939376831,0.626589298248291
-0.31057213246822357,-0.958472266793251,0.683700367808342,1.639856532216072
-0.03730141371488571,-0.34887703508138657,0.3064790517091751,0.08909758925437927
0.12400291860103607,-0.2556957080960274,0.3033340349793434,-0.03472813963890076
0.16331270337104797,0.5969222486019135,-1.0244238674640656,0.5604044049978256
-0.3762330114841461,0.2923922836780548,0.41029030084609985,-0.3184547424316406
0.04560578241944313,0.9746373258531094,-0.7380519956350327,-0.46847985684871674
-0.07387129589915276,-0.4137929528951645,0.44754691049456596,0.9184283502399921
1.1997545324265957,0.33700520172715187,-1.3128361701965332,0.6882278919219971
-0.1563725508749485,0.4264139272272587,-0.6903386265039444,0.8571757227182388
0.328378826379776,0.40448400378227234,-1.2244249135255814,0.6314390450716019
0.4951138496398926,-0.051299914717674255,-0.10549779236316681,0.2382277473807335
0.3212298173457384,0.32041376642882824,-0.5666822195053101,0.40113669633865356
-0.1817716509103775,0.45677588880062103,-0.4140833169221878,-0.6884648948907852
-1.1327811442315578,-0.2893337644636631,1.1142037510871887,-0.4451887011528015
-0.29200804233551025,0.1534799486398697,-0.3470187932252884,0.21636241674423218
-0.16051264852285385,0.7339876368641853,-1.0039018392562866,-0.43575483560562134
0.5357992984354496,0.4622182212769985,-0.20864582061767578,-0.19262639433145523
0.049228087067604065,0.04149308800697327,-0.7689921408891678,1.3312445282936096
-0.3502712994813919,-0.0879804939031601,-0.3362652063369751,0.16372406482696533
0.7337365075945854,0.11644045263528824,-1.090568095445633,1.377504050731659
-0.41160838305950165,-0.5935759097337723,0.9574434757232666,-1.09274423122406
-0.3014284372329712,-0.032445430755615234,0.8209215700626373,-0.1043303906917572
0.7149620950222015,0.3580729365348816,-0.7182974815368652,0.12244826555252075
0.09787032008171082,1.3029491007328033,-1.8733152598142624,0.4689141660928726
0.3707127422094345,-0.2654259204864502,0.41043931245803833,-0.15420973300933838
0.651726484298706,-0.2828359454870224,0.11037211120128632,0.7478091716766357
-1.3329984545707703,1.0902045369148254,-0.19209516793489456,-1.0866303369402885
0.09372736886143684,-0.22559088841080666,0.03182223439216614,-0.2167159616947174
-1.0367202758789062,0.6179296374320984,0.3449094891548157,-0.6603176295757294
0.1142645850777626,0.5827177539467812,-0.3427920341491699,-0.3759176582098007
0.06263753771781921,-0.2809808552265167,0.67490553855896,-0.9055859446525574
0.7455283030867577,-0.24257894605398178,0.40655919909477234,0.035029441118240356
1.167982466518879,-0.16698994114995003,-0.6770135648548603,0.47867849469184875
-0.14256665110588074,-0.8482601344585419,0.6352367699146271,-0.338348213583231
-0.8283247649669647,1.2833143770694733,0.3530113101005554,-1.0508156716823578
0.6342710852622986,0.010455295443534851,-0.5294538885354996,-0.09912024438381195
-0.8134015873074532,0.045802973210811615,-0.4191441982984543,1.6301907002925873
0.1970490962266922,0.1984575241804123,-0.36545874178409576,0.2266518622636795
-0.028538890182971954,-0.6888788267970085,-0.47472918033599854,1.7688892483711243
-0.30593399703502655,-0.6615434437990189,1.2723802328109741,-0.11991475522518158
-0.24780142307281494,0.839471235871315,-0.9745517373085022,-0.8126303553581238
-0.07705548405647278,0.6723081171512604,-1.1266611516475677,1.2786571681499481
0.02008349448442459,0.7314385399222374,-0.27685797214508057,-0.8132157921791077
-0.2524814158678055,0.21436452120542526,-0.3281729817390442,0.8759310245513916
0.9060812592506409,-0.7846431732177734,-0.42270612716674805,1.75363028049469
0.7666823416948318,0.46638698875904083,-1.9860135614871979,0.8628681898117065
-0.35554903745651245,-1.0324562191963196,1.0743738412857056,-0.709584504365921
0.4223105311393738,0.18161727488040924,-0.321571484208107,-0.5603161603212357
1.0509936064481735,-0.40191084146499634,-0.7345933765172958,1.1523820757865906
-0.55943863093853,-0.37758858501911163,0.5440597645938396,0.14070627465844154
0.6981116533279419,0.6329464018344879,-1.1442176401615143,0.2371843159198761
0.10959109663963318,0.7121145129203796,-0.6790022850036621,-0.22924775630235672
-0.31307628750801086,-0.17951317131519318,1.7284797728061676,-0.6479769945144653
0.43598514795303345,0.5363185703754425,-0.9700880944728851,0.8994703888893127
0.09013467282056808,0.29982922598719597,-1.027769148349762,0.9650082290172577
-0.5706281960010529,0.5042307674884796,0.289318710565567,-1.0376150906085968
0.9011610671877861,-0.30685605853796005,-0.04993694648146629,0.9479339383542538
0.5882485657930374,0.1748419553041458,-0.759617269039154,0.40219617635011673
0.1885600984096527,0.12981370091438293,-0.09569507837295532,-0.46379727125167847
-0.43212153017520905,0.06630045175552368,-0.6005991697311401,1.3278924077749252
1.0630175322294235,-0.35810987651348114,-0.3145774304866791,0.2716172933578491
0.2856028527021408,0.4613185077905655,-0.39619362354278564,0.30776476860046387
-0.6494670212268829,0.0857606828212738,0.6990708708763123,-0.826812207698822
-1.068982481956482,-0.26602283120155334,1.124169260263443,-0.08119511604309082
0.5637509971857071,0.12690405547618866,-0.27325311303138733,0.3509579077363014
0.087949737906456,-0.6611862033605576,-0.125413179397583,0.8532423377037048
1.0634367391467094,-0.10106351226568222,-0.15179511904716492,-0.24836695194244385
-0.08025864511728287,-0.12378590553998947,0.37375637143850327,0.14689526706933975
-0.3843086361885071,-0.15140032768249512,1.2728667855262756,-1.075360655784607
-0.34573404490947723,-0.20583747327327728,0.8527304232120514,-0.9204479306936264
0.38970206677913666,-0.07143332064151764,-0.11516594886779785,-0.3513968884944916
0.2219325453042984,0.12695767730474472,-0.6809638515114784,0.6577433124184608
-0.0514100044965744,0.13832585513591766,-0.7338258121162653,0.3279773686081171
-1.065614104270935,-0.799341082572937,1.7470948100090027,-0.42335668206214905
-0.47647011280059814,-0.2147139608860016,0.2948164939880371,-0.32978546619415283
0.6672911494970322,-0.31183625757694244,0.36765293776988983,0.015954159200191498
0.45177634060382843,-0.3846169263124466,-0.2750868797302246,-0.12275111675262451
1.2809980101883411,-0.7485735602676868,-0.3357940912246704,-0.015055537223815918
0.8536108992993832,-0.4961506724357605,-0.3598457872867584,0.44179388880729675
0.08667923510074615,0.6715597845613956,-0.8233865983784199,0.28695207834243774
-0.10321950167417526,-0.11104429513216019,1.1163650155067444,-0.912790060043335
-0.08821285516023636,0.06849176436662674,0.10721898078918457,0.23697233200073242
0.5467636100947857,0.36751531437039375,-0.8698545098304749,0.7096312940120697
-0.31689947843551636,0.04729259014129639,0.7880925983190536,-1.1053472012281418
-0.12908397614955902,0.05174146592617035,-0.6517143398523331,-0.011987920850515366
-0.26745522022247314,0.4307866096496582,-1.1451447010040283,0.8614421486854553
-0.10850038379430771,-0.12282990664243698,0.07278713583946228,-0.539811760187149
-0.616319864988327,-1.4606143534183502,2.414661407470703,-0.5359250903129578
-0.3662896677851677,-0.5532599613070488,0.651871383190155,-0.3522079288959503
0.40940576046705246,0.6881242170929909,-0.7726829349994659,-0.7624272108078003
0.319269597530365,0.18723160028457642,-1.3301451802253723,0.8918402791023254
0.2611248418688774,0.34467438608407974,-0.008888721466064453,-1.3472508490085602
-0.10520055890083313,-0.81851527094841,1.1705083176493645,-0.12037243694067001
0.2909097671508789,-0.8878866881132126,0.4561784714460373,0.5204565078020096
0.0931636393070221,0.05118319392204285,-0.515800341963768,0.6591663807630539
-0.2845906838774681,-0.0388617068529129,0.148677758872509,-0.06399757228791714
0.2849840596318245,-0.27965324372053146,-0.33208153396844864,0.5986940562725067
-0.2908468246459961,0.3803398013114929,0.2539052963256836,-0.2475978136062622
0.3278096169233322,0.34215833246707916,-0.9080578684806824,0.8518374562263489
-0.002765938639640808,0.23892037570476532,0.07408756017684937,-0.9014960825443268
0.019352614879608154,-0.7954049855470657,-0.051651760935783386,0.8962368369102478
0.7632035911083221,0.7474296987056732,-1.657581865787506,0.2492845058441162
-0.21941258013248444,0.3702514320611954,0.46889355778694153,-0.39428073912858963
-0.02957625687122345,-0.7701940685510635,0.9375175833702087,0.2794972360134125
0.5899954736232758,0.8124557584524155,-0.6739673763513565,0.5264067351818085
-0.8104386664927006,-1.3260959796607494,2.7996846437454224,-0.5140169560909271
0.7391170263290405,-0.7056539803743362,0.04076865315437317,-0.48769569396972656
-1.2786510586738586,0.12747198343276978,1.0332573056221008,-0.03304377198219299
0.47720255702733994,0.520339347422123,-1.6277426481246948,1.6330002546310425
-0.560428649187088,-0.8506835401058197,0.8787903785705566,0.05785781145095825
0.04139311611652374,0.25484977662563324,-0.18905490636825562,0.365207239985466
-0.22567325923591852,0.280490905046463,-0.13378740102052689,-0.3275080621242523
-0.3644403740763664,-0.33260420709848404,1.1870420575141907,-0.14360809326171875
0.3284156322479248,-0.06969395279884338,0.5241311192512512,-0.5998656377196312
-0.5900167375802994,0.19757051765918732,-0.8380981683731079,1.2646833062171936
-0.06770084798336029,0.020963534712791443,0.8845424652099609,-1.454948604106903
1.4127806723117828,0.22190260887145996,-2.1578789949417114,0.9787986874580383
-0.13622284680604935,-0.2714071497321129,0.0869269073009491,-0.28298693895339966
0.5668563991785049,-0.002705145627260208,-0.6524653099477291,0.32748356461524963
0.16867616400122643,0.10907845571637154,-0.7143358588218689,1.2961820363998413
0.7402149811387062,0.09875249117612839,-1.1695840656757355,0.21165919303894043
0.6077411770820618,0.41185876727104187,-1.1548621654510498,1.2156639099121094
0.6276372224092484,-0.24453993141651154,0.07688245177268982,-0.6492201685905457
0.2792268879711628,0.29396210610866547,-1.5243675708770752,2.130603790283203
-0.07656961679458618,-0.029133722186088562,-0.7364553362131119,0.8043395578861237
-0.22776229307055473,0.6456399075686932,-0.15722066164016724,-0.3361769914627075
0.3902355879545212,-0.1255355328321457,-0.39297032356262207,0.36834603548049927
0.022998251020908356,-0.010673724114894867,-0.4127350449562073,0.028306961059570312
0.08753602206707001,0.33471597731113434,0.349181592464447,-1.0051850751042366
0.43688224256038666,0.20865128189325333,-0.4779391512274742,-0.35932058095932007
-0.23516348004341125,-0.924203097820282,1.6155863106250763,0.10537949204444885
0.49494075775146484,-0.5147244930267334,1.1349944174289703,0.25270363688468933
-0.693354107439518,-0.5509131774306297,1.4230284690856934,-0.9019978269934654
0.3745756447315216,0.5119242370128632,-1.129195511341095,0.2535867393016815
-0.21279990673065186,-0.24949582666158676,-0.07102188467979431,-0.32301662117242813
-0.8140990436077118,-0.09529745578765869,0.8743608891963959,0.14099806547164917
-0.1918870359659195,-0.365150585770607,0.24120977520942688,-0.031188130378723145
-0.3156588487327099,-0.7249609939754009,0.2393760308623314,0.8195709884166718
0.27882443368434906,-0.9387126863002777,0.4376518577337265,1.7208459973335266
-0.31585364043712616,0.08946196734905243,0.42472532391548157,-0.8749208599328995
-0.6775132417678833,-0.6741003394126892,1.263817623257637,0.12668409943580627
-0.49931859970092773,-0.047771155834198,0.5058842897415161,-0.3217127323150635
0.6284431219100952,0.8351255357265472,-1.5564250349998474,0.43221622705459595
0.2196645438671112,0.12371505796909332,0.07806627452373505,-0.7941488027572632
0.5526352524757385,-0.4696197360754013,0.3546348512172699,0.07213537395000458
-0.9018815085291862,0.5880831480026245,0.733734667301178,-1.3040350675582886
-0.38463645800948143,0.04000752791762352,1.2203378081321716,-1.314087525010109
-0.29991278052330017,-0.4577602595090866,0.07273143529891968,0.17318427562713623
0.1852061152458191,0.09642525017261505,0.34975357353687286,-0.7221393287181854
-0.2678302526473999,-0.7812225520610809,0.24868185818195343,0.33487270772457123
0.4104050789028406,0.23159765265882015,-0.26004502177238464,-0.24050462245941162
-0.40616656839847565,-0.045772701501846313,1.1940351277589798,-1.780245065689087
0.4729415327310562,-0.3978889733552933,0.7343102246522903,-0.6890334039926529
-0.40746980905532837,0.4544960558414459,0.545213133096695,-0.20327313244342804
-0.3280540779232979,-0.8998675271868706,0.9626405239105225,-0.39486411213874817
0.07058121636509895,0.2816026024520397,-0.37402303516864777,0.09113802015781403
0.36138465255498886,0.15233876556158066,-0.05317205190658569,-0.10068744421005249
0.47119390964508057,0.028018921613693237,-0.2554437071084976,0.026082977652549744
-0.0836515724658966,-0.47458185255527496,0.8852629512548447,-0.03638017177581787
-0.2964442614465952,-0.18777365051209927,-0.13041144609451294,1.114648461341858
-0.11443924903869629,0.7337832450866699,-1.1080204248428345,0.4660758972167969
-0.3718605637550354,0.32592111825942993,0.4901198148727417,-0.902398481965065
0.9705069661140442,-0.2880053222179413,-1.174498051404953,0.8863091170787811
0.44650574028491974,0.5458211004734039,-1.0344121307134628,0.5954967737197876
-0.26835861802101135,0.5083544924855232,-0.07343744486570358,-0.13727764785289764
0.45390817523002625,0.14500436186790466,-1.2336389422416687,0.9685856103897095
-0.4338652044534683,0.2535557933151722,0.47867224738001823,-1.1670315861701965
-0.5578957498073578,0.661562979221344,-0.4364784359931946,-0.6400532722473145
-0.2556939721107483,-0.6615578979253769,0.8381793946027756,0.26525402069091797
-0.3042704463005066,-0.17802166938781738,-0.2522466480731964,-0.3471193313598633
-0.16259436309337616,-0.5021874159574509,0.6668781638145447,0.31216341257095337
0.01791296899318695,-0.6583531945943832,0.36674848198890686,-0.7743954956531525
-0.2979189157485962,-0.14483742415905,1.3395641893148422,-0.6298494338989258
-0.9261210709810257,-0.49447791278362274,0.8984850272536278,-0.6892019137740135
0.6822617202997208,-1.3595696091651917,1.034004956483841,0.04500854015350342
-0.40919266641139984,0.7740139812231064,0.10365629196166992,-0.6427078545093536
0.6181329041719437,-0.41879089921712875,-0.05516008287668228,-0.1694498509168625
-1.1284208744764328,-0.49815960228443146,1.4762548208236694,-0.6951532363891602
-0.4699688218533993,-0.331711295992136,0.13412609696388245,1.0087381601333618
0.5682505667209625,-0.10583922266960144,-0.0684807300567627,0.3782806359231472
0.07859140634536743,-0.05372041463851929,0.659569263458252,-0.5084654092788696
0.2764423042535782,0.19441795349121094,-0.6474753767251968,0.2056049108505249
0.154615581035614,0.2686139941215515,-0.10481822490692139,-0.026387333869934082
0.2849419042468071,1.255719430744648,-1.8346878290176392,0.807811826467514
0.03354351222515106,-0.1745540052652359,-0.00847858190536499,0.32328420877456665
-0.6648734342306852,0.3670049887150526,0.5272591263055801,-0.33837801218032837
0.19129320606589317,0.6504804529249668,-1.4796791970729828,0.875961035490036
0.7865293025970459,0.13134369254112244,-0.07215133309364319,-0.0336320698261261
-0.004052162170410156,-0.23237264156341553,-1.5585850477218628,1.7766667604446411
-0.1921461820602417,-0.2732710540294647,0.22341960668563843,-0.03912276029586792
-0.016908466815948486,0.6078368611633778,-0.5281351208686829,-0.058899007737636566
0.6516376733779907,-0.11791259050369263,-1.3162263631820679,0.8350790143013
0.32709718495607376,-0.4974079877138138,0.8460135906934738,0.009863734245300293
-0.42405688017606735,0.11731033772230148,-0.22289302945137024,-0.4229450523853302
0.07732085883617401,-0.12404723465442657,0.6184295415878296,-0.3360229730606079
0.5838684886693954,-0.4400671273469925,0.26441576331853867,-0.18424143642187119
0.25427836179733276,-0.32811740040779114,-0.44155772030353546,0.0002963840961456299
-0.12093652412295341,-0.17937280610203743,0.8488605171442032,-1.3086745142936707
-0.4473975896835327,0.7177652567625046,0.12784802913665771,0.18002259731292725
-0.6472308486700058,0.533326730132103,0.4843846559524536,-0.6337524652481079
-0.11463133990764618,0.36822448670864105,-0.23116880655288696,-0.30578751862049103
-1.3315508961677551,-0.3867145776748657,1.238261103630066,-0.2646344155073166
-0.11786263203248382,0.4172718650661409,-0.23736663907766342,0.4447369873523712
1.0357413738965988,-0.866060420870781,0.35560381412506104,1.1808081567287445
-0.32005245983600616,0.3743679076433182,-0.3400266170501709,-0.911935567855835
-0.04327819123864174,-0.1307753585278988,0.25066836178302765,0.311958909034729
0.5025390535593033,-0.13945095241069794,0.25690117478370667,-0.3376971557736397
0.6564372386783361,-0.15875466726720333,0.2534503787755966,-0.7239223569631577
-0.25350647792220116,-0.3949137069284916,0.15524660050868988,0.28348828852176666
0.20493622869253159,-0.1374972090125084,-1.1549871861934662,1.1832215189933777
-0.056181419640779495,-1.4628795497119427,1.2632485628128052,0.7178454399108887
0.17027193307876587,0.6575008630752563,-0.875606119632721,1.0915474593639374
-3.038139820098877,-1.0797982215881348,3.2068710327148438,-2.1140270233154297
0.4005391299724579,-0.16077497601509094,0.18258324265480042,0.07056140899658203
0.04439280554652214,0.07064072415232658,0.5266010984778404,0.08369553089141846
-0.464064609259367,-0.7469502389431,1.434401959180832,0.5268602669239044
0.5279868692159653,-0.20069414377212524,-0.3479739874601364,0.17068275809288025
1.3927595168352127,0.23113851249217987,-0.56858129799366,0.044264376163482666
0.30030327290296555,-0.483601950109005,0.1201256811618805,-0.38349005579948425
-0.16179236769676208,-0.3693682849407196,0.4873628616333008,-0.7732377499341965
-0.4554281681776047,-0.15257345885038376,0.8182014599442482,-0.2632622718811035
0.083828866481781,0.581356555223465,-1.5523312985897064,1.2075310796499252
0.40964117646217346,-0.07231703400611877,-0.8835386335849762,0.34706977009773254
-0.006242126226425171,-0.4203801453113556,-0.6553432047367096,0.9898241311311722
-0.23914508521556854,0.6541513651609421,0.3609853982925415,-1.8658382296562195
0.6152182072401047,0.2460401952266693,-0.08324187994003296,-0.7169477492570877
-0.5026502385735512,0.11503947526216507,0.30897822976112366,0.5171242952346802
-0.6117336302995682,-0.3726773262023926,1.0327630788087845,-0.21311813592910767
-1.0332294441759586,0.40852390602231026,0.15012522041797638,0.4408189356327057
0.0516250254586339,-0.5736019285395741,0.018747061491012573,0.10017408430576324
-0.41240106523036957,-0.22125887125730515,0.7125453725457191,-0.11612683534622192
-0.4652494415640831,-0.15220394730567932,0.33695828169584274,-0.4980105087161064
-1.2045519351959229,-0.30377626419067383,1.35580512881279,-0.9774582087993622
0.3049633800983429,-0.10630717873573303,-0.23990289866924286,-0.3907202184200287
0.6101287454366684,-0.3040567487478256,0.21974891424179077,-0.03544917702674866
-0.06438088417053223,-0.12659388780593872,0.3686268925666809,-0.5353653430938721
-0.6498412266373634,-0.4493061229586601,0.482791930437088,0.5354502201080322
-0.49527091905474663,-0.04690327122807503,1.1899332702159882,-1.5708271488547325
-0.01826082170009613,1.1686911135911942,-0.7310374975204468,-0.664777398109436
-0.9194909036159515,-0.15884040296077728,1.0616306811571121,-0.9399892389774323
-0.2868316322565079,0.1834554821252823,-0.4573988765478134,0.12182198464870453
-0.7733330503106117,0.48439086228609085,-0.3849092721939087,-0.32257476449012756
0.05144102871417999,0.02368582785129547,0.4013998508453369,-1.0513812005519867
0.035625118762254715,0.6679495386779308,-0.6020554304122925,-0.04332686960697174
0.3354555070400238,-0.25100550055503845,0.009831875562667847,-0.47865043580532074
-0.08895225822925568,-0.36412782967090607,1.0915973484516144,-1.6182194352149963
0.5856282152235508,0.1985047422349453,-0.628741592168808,-0.6493402421474457
-0.6152426302433014,0.8842869997024536,-0.7485109865665436,0.4358084052801132
-0.7694520652294159,-0.4743998050689697,1.2283328473567963,-1.6520580053329468
0.48627613484859467,-0.7315859198570251,0.5624178722500801,-0.46996284276247025
-1.3018114566802979,-0.7145870923995972,1.6441088914871216,-1.8139406442642212
-0.5224116146564484,-0.08030398190021515,0.8883057534694672,-1.1433085501194
-0.12248823419213295,0.2361382432281971,-0.7848321795463562,0.8595446050167084
-0.004408694803714752,-0.43803974241018295,0.36656396090984344,-0.2946954220533371
1.033720999956131,-1.7968795597553253,0.8377357721328735,0.4483831226825714
0.2538721729069948,0.10199934802949429,0.05107312649488449,-0.015579089522361755
-0.7452581413090229,-0.11265109106898308,0.3950015753507614,-0.036268144845962524
0.3301442265510559,-1.040738433599472,0.5378450751304626,0.598699152469635
0.7440006174147129,0.18142705783247948,-1.1929701566696167,0.6209119558334351
0.4079066067934036,0.36876843869686127,-1.218603789806366,0.3283888250589371
-0.5488585233688354,-0.05857837200164795,-0.0801115334033966,-0.03968116641044617
-0.32872095704078674,0.1937951147556305,0.5759230852127075,-0.7016689777374268
-0.5967929065227509,0.2533251643180847,0.3531928062438965,0.1292097270488739
1.0064358487725258,-0.3245340511202812,-0.49955473840236664,0.9590278267860413
-0.756519004702568,-0.42079557478427887,1.166141152381897,-0.5337902456521988
0.22112536430358887,0.2715544104576111,-0.6184242963790894,0.1384783387184143
-0.5011010766029358,0.1261323094367981,-0.0021054744720458984,0.46408748626708984
-0.05874025821685791,0.5882628411054611,-0.6152703613042831,0.3074510097503662
-0.5752274096012115,0.03253701329231262,-0.7407485991716385,0.12419335544109344
-1.0477080047130585,-0.20515324920415878,1.2298695966601372,-1.0428641140460968
-0.49123701825737953,0.4931752420961857,-0.8300397992134094,0.3986017256975174
-0.6853868961334229,0.2895257771015167,1.0773053765296936,-0.2798677384853363
0.03925495594739914,0.31786178052425385,-0.1159951314330101,0.36477769911289215
0.8090399540960789,0.03516503795981407,0.22435224801301956,-0.10834503546357155
0.4330815076828003,0.8867073059082031,-1.035929799079895,-0.023627042770385742
0.1573229730129242,-0.5699452981352806,0.7410290166735649,-0.7115486860275269
0.7358627617359161,0.43169522285461426,-1.489378772675991,0.19590040296316147
0.42496638000011444,0.04716765135526657,-1.3251260295510292,1.1079319417476654
0.0860595703125,0.2475508451461792,0.5593380331993103,-0.2832565903663635
-0.02862318977713585,0.36539101228117943,0.05401778221130371,-0.8458385244011879
-0.5585267841815948,0.8797596991062164,-0.5676136612892151,-1.0823206305503845
0.520316831767559,-0.14434535801410675,-0.02793336659669876,0.9765606820583344
-0.11323698610067368,0.33383962512016296,-0.6708056405186653,-0.508873701095581
-0.18424111604690552,1.0085224956274033,-0.6450550407171249,-0.32663530111312866
0.09254564344882965,-0.955760195851326,1.1210339665412903,0.35159337520599365
0.17133263871073723,0.4689059741795063,-0.4286472350358963,-0.7549669593572617
-0.4239877611398697,-0.36839382350444794,0.7933594584465027,-0.6552256941795349
0.47951728105545044,1.2446141839027405,-0.545950174331665,-0.7176051139831543
0.29842594265937805,0.39235470443964005,-0.14776036888360977,-0.549868255853653
-0.20135844498872757,0.4380689784884453,0.3909679353237152,-0.2658180296421051
-0.04681047797203064,0.4849560558795929,0.12224560976028442,-0.36170023679733276
0.26885853707790375,0.027566008269786835,-0.7031569555401802,0.49912673234939575
-0.33987998962402344,-0.20119303464889526,1.1954765915870667,-1.7590929865837097
0.8004805482923985,-0.20191815868020058,-0.05558936297893524,0.5410460978746414
-0.8019499406218529,0.08737599104642868,0.27694401144981384,0.4689698815345764
-0.45616957545280457,0.5212143883109093,0.6329386010766029,-1.0960227847099304
-0.9458579272031784,0.9656682461500168,-0.0731971263885498,-0.32002657651901245
-0.5842375457286835,0.20979365706443787,-0.32251228392124176,0.6216004639863968
-0.0962764322757721,-0.08306989073753357,0.006639361381530762,0.31680262088775635
1.5493701994419098,0.4736792743206024,-1.9348796606063843,0.5014005303382874
-0.07487571612000465,-0.9884459003806114,2.0833296179771423,-0.8995753452181816
-0.3971966803073883,0.023608967661857605,0.4369459003210068,-1.0606225430965424
-0.1812516748905182,0.5873816609382629,-0.23223775625228882,-0.7199636399745941
-0.049283742904663086,0.011731386184692383,-0.2959710359573364,-0.6332510709762573
0.19896668940782547,-0.21211571246385574,-0.5202949643135071,0.07123070955276489
0.3738938271999359,-0.545818418264389,-0.7139087468385696,0.8321748524904251
0.45061080157756805,-0.24990908801555634,-0.600856363773346,0.15237915515899658
-0.016071274876594543,-0.15930549800395966,0.006415426731109619,-0.2087206393480301
-0.19009867310523987,-0.3683945834636688,-0.5307712554931641,1.0591052770614624
-0.6463205739855766,0.3301016017794609,0.08917775750160217,-0.503993384540081
0.46302220970392227,0.7458391413092613,-0.9692279100418091,0.2829902172088623
0.3975593149662018,-0.6851634383201599,-0.34750187397003174,0.46692806482315063
-0.43508893996477127,0.22435612231492996,0.3636988401412964,0.46658802032470703
-0.4774636998772621,0.08102205395698547,-0.08251824975013733,0.46378136426210403
-0.14045041799545288,-0.9322254657745361,0.7658780813217163,1.3121747970581055
-0.7240078002214432,0.3025312274694443,0.28403183817863464,-0.6399033591151237
1.017154112458229,0.1406427025794983,-0.9197639971971512,-0.3475531339645386
1.0330879762768745,0.424298457801342,-0.5319418460130692,-0.12662750482559204
-0.010721966624259949,0.041001662611961365,-0.21800944581627846,0.7917676605284214
-0.16290000081062317,0.41119932383298874,-0.3238290175795555,-0.41296494007110596
-0.14359906315803528,0.4543147683143616,-0.2505446672439575,-0.30307070165872574
-0.35827150009572506,0.6756672468036413,0.14123541116714478,-0.7292134016752243
-0.7950575407594442,-0.2076143566519022,0.74473737180233,-0.6753672212362289
-0.4916744530200958,-0.2918621599674225,1.4643252491950989,-0.31697559356689453
0.2631635069847107,0.30019110441207886,-0.6249276399612427,-0.11547178030014038
0.2195503357797861,-0.6643482986837626,-0.06262421607971191,0.522971510887146
0.08640828728675842,0.40933555364608765,0.4775433838367462,-0.6548284888267517
-0.027730554342269897,0.3535290062427521,-1.5115106105804443,1.0931427478790283
0.08037001453340054,0.6711513195186853,-0.8820147812366486,-0.569102555513382
-0.3311847448348999,-0.14400482177734375,-0.5102915465831757,0.013261765241622925
-0.43898698687553406,-0.21926942467689514,-0.5541409552097321,1.3342612087726593
0.7894663214683533,0.6705593466758728,-1.142862468957901,0.26762378215789795
0.09950469434261322,-0.2999211698770523,0.2104400396347046,0.03356117010116577
-1.0043200310319662,0.1568090971559286,-0.023829102516174316,-0.2908521592617035
0.29279573261737823,-0.4493582993745804,0.29710039496421814,-0.19815415143966675
0.6458587050437927,-0.10338324308395386,0.01646500825881958,-0.49586039781570435
0.2776585854589939,0.19424093887209892,-1.2045266181230545,0.859756737947464
0.36580805480480194,0.8084883242845535,-0.6641863584518433,0.4551754295825958
0.2348647117614746,0.5108608305454254,-0.883811891078949,0.6660548001527786
-0.6308935321867466,-0.483018483966589,0.6447566151618958,0.31288179755210876
0.10286587476730347,0.16480743885040283,0.11585688591003418,-0.012483537197113037
-0.37981173396110535,0.05666199326515198,0.5364325940608978,-0.5674813687801361
0.2745886892080307,0.5875643044710159,0.26512575149536133,-0.38290494680404663
0.03243217617273331,0.16945939511060715,-0.15415889024734497,0.19220635294914246
0.6465950757265091,0.22863489389419556,-1.185126192867756,0.9438980892300606
0.3464129790663719,-0.3462344631552696,0.1016339361667633,0.8664557635784149
0.7513095811009407,0.45265427976846695,-1.1598518639802933,-0.08583424985408783
0.19516050815582275,0.4281059205532074,-0.18311572074890137,-0.9512189328670502
-0.48654524236917496,0.5847722664475441,-0.5684691071510315,-0.15004338324069977
-0.0391523540019989,0.1458607316017151,-0.8132568299770355,0.7585973739624023
-0.2755530774593353,-0.2147253453731537,0.9533814191818237,-0.2196669578552246
0.2811855375766754,-0.25179334729909897,0.6188750192523003,0.3400059938430786
1.1275672763586044,-0.06881894171237946,0.5039534270763397,0.0008751749992370605
0.741437166929245,-0.8422907292842865,0.6295943260192871,-0.7420776560902596
0.3318772055208683,0.1314193569123745,-0.08837622404098511,0.0005774199962615967
0.6687128990888596,0.7377394884824753,-1.0446805655956268,-0.11812490224838257
-0.3480227291584015,0.6210976243019104,-1.2514848411083221,0.3023793697357178
0.3483998775482178,1.1297039091587067,-1.5555794835090637,-0.39918237924575806
0.8499971702694893,0.542873315513134,-1.3706401586532593,0.8399807587265968
-0.3675767183303833,-0.7437031269073486,1.305998146533966,-1.1775062382221222
-0.9656410440802574,-0.9241866245865822,1.2487453818321228,-0.8463995456695557
-0.35199593007564545,-0.9278355985879898,1.232938528060913,-1.3547518253326416
-0.13536079227924347,-0.5761990249156952,-0.05698494613170624,0.36181509494781494
0.20305954664945602,0.05016905814409256,-0.24280279874801636,0.5882977843284607
-0.13811039179563522,-0.2689182534813881,-0.02223515510559082,0.8370611667633057
0.32542067766189575,0.6813700199127197,-0.26808199286460876,-0.8361306488513947
1.0085816234350204,-1.1275430172681808,0.8525272384285927,0.5545869991183281
0.05036885291337967,0.6745048090815544,-0.5764919221401215,-0.03594586253166199
-0.09296632558107376,0.8144036009907722,-0.6265283823013306,-0.2343374490737915
0.14514164626598358,-0.41246357560157776,0.5335996299982071,-0.7911124229431152
0.33882199972867966,0.32282789796590805,0.10869452357292175,-0.9266901463270187
-0.4193512201309204,0.29940247535705566,0.1619129776954651,-0.5034934282302856
-0.6292053908109665,0.389276921749115,0.5216900110244751,-0.6146763563156128
-0.46824803948402405,-0.3580479919910431,0.9550254940986633,-0.9727390557527542
0.9486111886799335,-0.3759494759142399,1.7634538859128952,-1.484252154827118
-0.212772898375988,-0.2061922922730446,1.0228107273578644,-1.3560587167739868
-0.1433395892381668,-0.388028547167778,0.5731273889541626,-0.6239108443260193
0.6818207055330276,0.09097789227962494,-0.2845316529273987,-0.8057413101196289
0.25391010008752346,-0.6521670017391443,0.18593302369117737,0.0013917982578277588
0.02741532027721405,0.3752605617046356,-1.1182415336370468,0.3109748959541321
-0.15831879526376724,0.3143620677292347,-0.04008485749363899,-0.35978978127241135
-0.6592985391616821,-0.8186002820730209,1.3170047849416733,0.2540593147277832
0.28227975964546204,-0.6427402794361115,-0.355968713760376,1.11892269551754
0.2586205005645752,0.22291600704193115,-0.26740777492523193,0.21744686365127563
-0.8123038187623024,0.9245464950799942,0.12141163647174835,-0.5306472182273865
-0.6869820654392242,0.06213782727718353,0.4211592525243759,0.15569519996643066
0.17007701098918915,0.22181947529315948,0.6285796761512756,-1.7614132165908813
-0.09105293080210686,-0.28341470286250114,-0.00858907401561737,-0.20092492550611496
0.5306120403110981,-0.3397187143564224,0.17737017571926117,-0.1545010805130005
0.09441353380680084,1.2552058696746826,-1.1399812996387482,-0.31541895866394043
-0.6279661953449249,0.45656412839889526,0.6320478245615959,-0.2973385378718376
0.3872091472148895,-0.004999563097953796,-0.21605552732944489,0.1693490743637085
-0.3323962166905403,-0.19695045799016953,0.21970029175281525,-0.30531249940395355
-0.76469561830163,0.16615471616387367,-0.5176990032196045,0.2337530255317688
0.5140039324760437,-0.08442476391792297,0.0376947820186615,-0.12761402130126953
0.248077854514122,0.08900932967662811,-1.9150611758232117,0.9716010093688965
-0.14680351316928864,0.7946156710386276,-0.16272646188735962,0.5539742708206177
0.8477319329977036,0.21217824518680573,-0.6325821578502655,-0.09154828637838364
-0.07909981161355972,0.4780936613678932,-0.16029107570648193,-0.6979103311896324
0.22875311970710754,0.2878073751926422,0.22885891795158386,-0.11379653215408325
-0.05917706713080406,0.11282899603247643,0.586225301027298,-1.1887271404266357
0.3959091603755951,0.23592877388000488,-0.5554119944572449,0.1491682305932045
0.4913576543331146,0.26830828189849854,-0.02886509895324707,-0.19660532474517822
-0.3457416072487831,-0.44729574769735336,0.7364508509635925,0.2942247837781906
-0.3788324445486069,-0.018531158566474915,0.03179679811000824,-1.2614459246397018
-0.003444880247116089,-0.7085003554821014,0.6459631323814392,0.13155466318130493
-0.08922404050827026,0.42070820927619934,-0.49343666434288025,0.670439824461937
0.05649711191654205,-0.5874363929033279,0.7755212783813477,-0.250365674495697
-0.7621913850307465,0.09163659811019897,1.5257710218429565,-1.2255882620811462
-0.3885241374373436,0.025134123861789703,0.6789705157279968,-0.7052891254425049
-0.055211253464221954,-0.22739256918430328,0.12469743937253952,-0.08644602820277214
-0.5876832231879234,-0.7764186635613441,1.950467586517334,-0.9037958085536957
-0.5409878492355347,0.011654675006866455,0.23631513118743896,0.77631776034832
0.16490522027015686,0.1108231246471405,-0.3144392967224121,0.4161452054977417
0.916876882314682,-0.0041770488023757935,-0.5356675535440445,0.4476874768733978
0.007714465260505676,0.3912342041730881,-0.9669663608074188,-0.11859041452407837
-0.11438176035881042,-0.6827127039432526,1.5124025344848633,-0.32856808602809906
0.22506743669509888,0.9301255941390991,-0.8582161664962769,0.12303698062896729
0.19336622953414917,-0.69928939640522,0.4088011234998703,-0.08380584418773651
0.03906241059303284,0.04628917574882507,-0.04310840368270874,0.5188981294631958
1.1470322906970978,0.1348404437303543,-0.4308723360300064,-1.0983490645885468
0.5724302753806114,1.1260821595788002,-2.166330575942993,0.01701939105987549
-0.12867644429206848,-0.9452497661113739,0.1853124499320984,-0.22317585349082947
0.4420906901359558,0.05888441205024719,-0.7402677237987518,0.3565784692764282
1.0306001603603363,0.5402360260486603,-0.4869873374700546,-0.3964843899011612
0.7580318748950958,0.7741432636976242,-0.4775891453027725,-0.734870970249176
0.5080206841230392,0.023471832275390625,-1.1797385811805725,1.579599380493164
-0.3701440691947937,-0.004625648260116577,0.4647262394428253,0.15657562017440796
0.43469350785017014,0.3914821892976761,-0.256585992872715,0.07519268989562988
0.14750172942876816,-0.088764987885952,-0.17764675617218018,0.5738327577710152
0.4781363606452942,0.30712591111660004,-0.25443997979164124,-0.1659127026796341
0.09406789019703865,0.6812687627971172,-1.2402539253234863,0.5563606023788452
-0.8406517505645752,-0.16955050081014633,1.2236359938979149,-0.6913895606994629
-0.28808316588401794,0.17275145649909973,0.6425745189189911,-0.7031146585941315
-0.08178073167800903,-0.3617264926433563,0.9334567785263062,-1.4129318594932556
-0.02321302890777588,0.5719465687870979,-0.28149212151765823,-0.08754271268844604
0.2100527286529541,-0.4760122001171112,0.11770138144493103,0.41591882705688477
-0.5888451337814331,0.8133422955870628,-0.13356199115514755,0.00013369321823120117
-0.19853475689888,0.3693496882915497,-0.7962945140898228,-0.03792351856827736
0.1560608148574829,0.1702391803264618,-0.15173818171024323,-1.158143475651741
0.616935208439827,0.008084923028945923,-0.6594932377338409,0.05915480852127075
-0.35375693440437317,0.8606133759021759,0.2485453486442566,-1.3504567742347717
0.4941003620624542,-0.23829883337020874,-1.0909684598445892,1.7298628687858582
0.1934903860092163,-0.8797530233860016,0.832626610994339,0.5510303676128387
0.2764144390821457,0.33480167388916016,-0.5624678134918213,0.09900205582380295
-0.6977218315005302,-0.5042652562260628,1.2478357553482056,0.16691267490386963
-0.04217547923326492,-1.0681355819106102,1.5278435945510864,0.24108392000198364
-0.5710892081260681,0.7024343311786652,-0.17612367868423462,-0.9889134168624878
-0.3512127548456192,0.7981576323509216,-0.9901157319545746,0.23377138376235962
0.5779420919716358,-0.5017373375594616,-0.585022546350956,0.7938257455825806
0.45068466663360596,0.3629988133907318,-0.46020007133483887,0.930313229560852
-0.1941581927239895,-0.09674257412552834,0.7009723782539368,0.055449724197387695
-0.9891889095306396,0.6608634665608406,0.15825428813695908,-0.10157129168510437
-0.2844320833683014,-0.5817675292491913,0.7734375670552254,-0.9936134293675423
0.18532231822609901,-0.22654947452247143,-0.21497496031224728,0.49795836210250854
0.36360856145620346,-0.3343838080763817,-0.4063853621482849,0.5255592167377472
-0.4582659602165222,-0.2283385992050171,1.4467682838439941,-0.5242579579353333
0.3299969583749771,0.3566015809774399,-1.1034396886825562,0.9867991209030151
0.18065577000379562,0.17947091162204742,-0.8146798610687256,0.21879339218139648
-0.06694585084915161,0.816633328795433,-1.0154555290937424,0.0537567138671875
-0.06633647531270981,0.05791362375020981,0.04927137494087219,0.1309385895729065
0.05016462504863739,0.1274043470621109,-0.002581954002380371,0.8721914291381836
-1.0315887928009033,-0.5791476368904114,1.4106525778770447,-0.32006651163101196
0.25176772475242615,0.34470511227846146,-0.28931116312742233,0.35962511599063873
-0.2019677758216858,0.9687210321426392,-0.6078092455863953,-0.2543090581893921
0.08363785594701767,0.008196145296096802,-0.08133217692375183,0.4708213061094284
-0.46535786986351013,0.857146829366684,0.1960410475730896,0.5302971601486206
-0.058679550886154175,0.4025895595550537,-0.544569581747055,0.3630790412425995
0.5715765431523323,-0.10555989295244217,0.29585787653923035,-0.7503702342510223
0.13364290446043015,0.07686889916658401,0.06111408770084381,0.19384925067424774
0.3720006197690964,0.46333204209804535,0.02216923236846924,-0.10938293486833572
0.41169095411896706,0.9295662231743336,-1.2014292776584625,0.3982343375682831
-0.03177448362112045,-0.36284003406763077,0.20259110629558563,-0.031873736530542374
-0.46968767791986465,-0.41577667742967606,1.035978615283966,-0.27266812324523926
0.08337025344371796,-0.033617034554481506,0.4063132107257843,-0.6994846127927303
0.5211271643638611,0.4133967161178589,-0.5870498418807983,0.26347197592258453
-0.15794246643781662,0.18029212206602097,-0.7581356167793274,0.9101586937904358
0.44384336471557617,-0.008404016494750977,-1.2907888889312744,0.8065123558044434
-0.44920773804187775,0.14594678580760956,-0.1324061155319214,0.08011619746685028
0.686324954032898,-0.05838993936777115,-0.1878752037882805,0.20144588500261307
0.28599147498607635,-0.43896184861660004,1.0964481234550476,-0.3728717267513275
0.6632521748542786,-0.5446109473705292,-0.17147013545036316,1.003778100013733
-0.05580814555287361,0.19880187138915062,-0.4497135430574417,0.3599605858325958
0.6693505644798279,-0.2830527424812317,-0.17072796821594238,-0.34276527166366577
-0.3964955806732178,-0.8763384222984314,0.9336879551410675,1.0837269723415375
-0.2647856995463371,-0.0011981874704360962,0.44606803357601166,0.48165059089660645
0.2208666130900383,-0.2614099606871605,-0.15345215797424316,1.0972594022750854
-0.23921171575784683,-0.20386981219053268,0.5022076070308685,-0.8700235784053802
-1.1277950406074524,0.5518941357731819,-0.21885109692811966,0.5541041344404221
0.0007917694747447968,0.7943431325256824,-0.913148432970047,-0.903279721736908
0.4753314405679703,-0.3487606793642044,-0.28935450315475464,-0.07042098045349121
0.36900748312473297,-1.3621373921632767,0.6068852841854095,1.4385525286197662
0.4552434831857681,0.04296897351741791,0.2923077568411827,-0.4065132960677147
-0.48121415823698044,0.7511480674147606,-0.6423575729131699,-0.2274911254644394
-1.091586321592331,1.5189670026302338,-0.8070735335350037,-0.6412356793880463
0.10720265656709671,0.26503370702266693,-0.85236456990242,0.48918575793504715
0.18381476402282715,-0.352824330329895,0.43815016746520996,0.8650352358818054
-0.3018043264746666,-0.10881834477186203,-0.08934202790260315,0.10711504518985748
-1.0147295743227005,0.21897511184215546,0.9729315340518951,-0.6678263545036316
-0.7006145119667053,-0.23117029666900635,1.1673659682273865,-0.9264785647392273
0.5088496245443821,-0.5032848753035069,0.23750370740890503,-0.09063601493835449
-0.19449494034051895,-0.033441029489040375,-0.5858665406703949,-0.4719667434692383
0.47246283292770386,1.1452513933181763,-1.5455765128135681,-0.8709926009178162
0.19108904898166656,0.3930255323648453,-0.30295276641845703,-0.4561309218406677
-0.530259370803833,0.7769938856363297,-0.822547659277916,0.3021222949028015
0.231343574821949,-0.8704248443245888,0.8893327713012695,0.1654500961303711
-0.3811388909816742,-0.6186117678880692,0.6042692512273788,0.08637106418609619
-0.06833508610725403,-0.06625749170780182,0.3969762772321701,-0.8238900750875473
-0.1765538640320301,-0.3937527649104595,0.12723400443792343,-1.1519605740904808
0.5262836217880249,-0.4886244535446167,-0.49403420090675354,0.42850473523139954
0.20429712533950806,0.008502840995788574,0.5932199507951736,-1.4022243171930313
0.21038612723350525,1.1644830107688904,-0.8510591983795166,0.5242512226104736
-0.2671017050743103,0.06371313333511353,0.03755390644073486,0.23753780126571655
0.4025215804576874,-0.1098855659365654,-0.1680057942867279,0.5459331050515175
-0.45319562405347824,-0.3479014113545418,0.11257907748222351,0.8408505618572235
-0.22394973784685135,-0.49718690663576126,0.7977607995271683,-0.6603198200464249
0.9757279753684998,-0.6401754021644592,0.028537750244140625,0.948768362402916
0.379389688372612,-0.30064450204372406,0.14718425273895264,0.8743289709091187
-0.7711647301912308,-0.14226894080638885,0.4427044689655304,-0.7265637218952179
1.426060937345028,1.028689481317997,-1.9436895847320557,0.9367771744728088
0.22263018786907196,1.2735864073038101,-1.181921809911728,-0.47072747349739075
-0.21141403913497925,0.33341532945632935,-0.1525641679763794,-0.1567775011062622
-0.023931652307510376,-0.6393697708845139,1.662337601184845,-1.4623118042945862
-0.34265895932912827,-0.2036215215921402,1.1379340887069702,-1.175480604171753
0.3501278255134821,0.056403061375021935,-0.11526855826377869,0.7085312902927399
0.304081954061985,0.04912476986646652,0.04867890477180481,-0.1718665435910225
0.566503256559372,-0.14597007259726524,0.03873516991734505,0.1909080520272255
-0.7676833178848028,0.7869378831237555,-0.9665846824645996,0.36179327964782715
-0.016746295616030693,-0.37227573432028294,0.7948552072048187,-0.7053482532501221
-0.27348458766937256,-1.27692049741745,0.6752608120441437,0.19770392775535583
0.5692352764308453,-0.5596085898578167,-0.3889201879501343,0.6630545854568481
0.682175301015377,0.5481920316815376,-1.546033501625061,0.8482682704925537
-0.5930006802082062,0.35652056336402893,0.21716195344924927,0.1297716498374939
-0.7982503920793533,-1.2835191935300827,1.6961692422628403,-0.3039012551307678
0.2285662740468979,-0.0763445645570755,-0.2791963815689087,0.6269969940185547
0.43655333667993546,-0.118137426674366,0.7593493163585663,-0.8777742087841034
-0.35617682710289955,0.12362702563405037,0.4226219803094864,-0.1213178038597107
-0.10255030542612076,-0.7778575494885445,0.937326043844223,0.31704290211200714
-0.8696486353874207,0.011862337589263916,0.5743383765220642,0.4744488596916199
0.2575559467077255,-0.3173775374889374,-0.20555919408798218,0.20150873064994812
-1.2194696515798569,-0.7357828170061111,1.2594674229621887,-0.5380488634109497
-0.8612336665391922,-0.8782540373504162,0.8693962059915066,0.2597312331199646
-0.041157908737659454,0.7465116456151009,-0.23837381601333618,-0.5645659416913986
-0.17186352610588074,-0.006508499383926392,0.1559312343597412,-0.3114106059074402
0.1746392324566841,0.6784506440162659,-0.9368263557553291,-0.19922053068876266
-1.010366290807724,0.3424225151538849,0.8563839793205261,-1.283395528793335
0.6967103481292725,0.5986137092113495,-1.3872409760951996,1.8457142114639282
0.5955798197537661,0.5834814067929983,-1.0910381600260735,1.0388131439685822
0.149144247174263,0.31477949768304825,-0.05375102162361145,-0.7006419822573662
0.059632597491145134,-1.2143302541226149,0.8749142289161682,-0.1935228556394577
0.5809911787509918,0.37782318890094757,-0.7084863036870956,0.5109565407037735
0.18115836381912231,-0.29412585496902466,-0.6915839910507202,1.134522795677185
0.507476694881916,-0.58901447057724,0.6281986236572266,-0.2000667154788971
-0.9285214841365814,0.07504740357398987,0.5529143810272217,-0.8140685223042965
-0.06482339650392532,-0.22763094305992126,0.16526629030704498,0.4714750498533249
0.8981601446866989,0.4895172268152237,-0.8775123953819275,-0.08320450782775879
-0.6170309260487556,0.4994610622525215,0.44468051195144653,0.1776794195175171
-0.23756464570760727,0.6150133609771729,-0.43887946754693985,0.9233966842293739
-0.8254332542419434,-0.4177420139312744,0.3307429701089859,0.1777401827275753
-0.17533981800079346,-0.23245024681091309,0.17303115129470825,0.28459620475769043
-0.4085425063967705,0.26455073803663254,0.6678158044815063,-0.21267098188400269
-0.5537384189665318,-0.8746238313615322,1.449953868985176,-0.608274295926094
-0.4716425808146596,-0.038008066825568676,0.2961398959159851,-0.509322851896286
-0.9021742194890976,-0.9007878452539444,1.1492049247026443,0.14935553073883057
0.02284175157546997,-0.16679400205612183,0.38475465774536133,0.5023512244224548
-0.2277122139930725,0.27222341299057007,-0.2588076591491699,-0.1299229860305786
-0.3023375868797302,-0.11845573782920837,0.12128886580467224,-0.02383488416671753
0.54078209400177,-0.3328701853752136,-0.5893561094999313,-0.10775478184223175
0.053816765546798706,-0.08677536249160767,0.04341164231300354,0.060103774070739746
-0.4137920141220093,-0.14188438653945923,0.3398863673210144,-0.04755359888076782
-0.6402988731861115,0.25231224298477173,-0.022001266479492188,-0.4420773684978485
-0.9026710689067841,0.5288727581501007,0.03566145896911621,-0.7774087488651276
0.30080997943878174,0.21314340829849243,0.23088523745536804,0.022787034511566162
-0.07909800112247467,-1.2608488649129868,1.5861307680606842,0.14807677268981934
-0.892436295747757,-0.24912163615226746,1.2538257241249084,-0.9428582340478897
-0.6554158255457878,-0.5400470793247223,1.3072587549686432,-0.6503443419933319
-0.8014211803674698,-0.04277004301548004,0.7389789521694183,-0.1981610655784607
-0.8770420104265213,0.05762653052806854,0.018458038568496704,0.8528852462768555
0.438950315117836,-0.08435626327991486,-0.6582803726196289,1.5508394241333008
0.6928637325763702,0.16828930377960205,-0.26382268965244293,-0.3035871833562851
-0.013891473412513733,-0.34681420028209686,-0.061657220125198364,-0.41570837795734406
0.052817970514297485,-1.2278092801570892,1.1816422790288925,0.4406324774026871
0.28569599986076355,0.13188284635543823,0.5052710995078087,-0.5430060550570488
-0.6579951345920563,-0.5627637803554535,1.4985454082489014,-0.6654272675514221
-0.2025434412062168,0.8614343143999577,-0.742578998208046,-0.4004664868116379
-0.277093842625618,0.9113980680704117,0.04850411415100098,-1.4019356817007065
-0.22802802920341492,0.3174233138561249,-0.6318549513816833,0.5294024348258972
0.6669449955224991,0.18604639172554016,-0.6261531710624695,0.3353757858276367
-0.6662831865251064,-0.9141851998865604,0.9939197301864624,0.25902052968740463
-0.9614498317241669,-1.0819055140018463,1.709570050239563,0.46501508355140686
-0.3504864554852247,-0.1913765985518694,0.1981140673160553,0.9710267186164856
0.5490450710058212,0.889549121260643,-1.5847954452037811,0.7558178305625916
-0.4434838891029358,0.1416579782962799,-0.5327438712120056,1.2455601692199707
1.0186720490455627,-0.14251579344272614,-0.48068131506443024,-0.39680245518684387
-0.33328985422849655,-1.0587712600827217,0.3558219373226166,1.1993400156497955
-0.5990135297179222,-0.002894364297389984,0.9228964447975159,-0.8712629973888397
0.8312023878097534,0.4409888982772827,-1.7571504712104797,0.40106528997421265
0.24637988209724426,-0.035523951053619385,-0.728152871131897,-0.11850392818450928
0.39904206432402134,0.15063395164906979,-0.22009813785552979,-0.30382662266492844
-0.6233009621500969,-0.4573685899376869,0.9695957601070404,0.18411391973495483
-0.22680582851171494,0.06354748457670212,-0.25680144131183624,0.11376559734344482
-0.7386493682861328,-0.13205885887145996,1.5609531998634338,-1.7324872016906738
0.40109583735466003,0.07944425940513611,-0.8617851436138153,1.0562184751033783
-0.07921235263347626,0.21991178393363953,-0.5022558569908142,-0.22864070534706116
-0.5304800346493721,-0.00490955263376236,0.778114065527916,-1.3276691436767578
-0.041598767042160034,-0.44325699657201767,1.8386087343096733,-1.379064679145813
-0.2935001812875271,-0.06332956627011299,0.1920209638774395,-0.32609793171286583
0.5583851635456085,-0.3380075767636299,0.2943262532353401,-1.468925267457962
-0.7809446267783642,0.23009143397212029,0.4353908896446228,-0.08512496948242188
0.3863004148006439,-0.031937211751937866,-0.015612244606018066,-0.22012776136398315
-0.21109526231884956,-0.0005090348422527313,-0.35588887333869934,0.05279046297073364
-0.601873517036438,-1.1372053921222687,0.7647609114646912,0.5281169712543488
0.14912524446845055,0.33554354682564735,0.577986478805542,-0.2626352310180664
-0.7298383712768555,-0.055782854557037354,0.4007834121584892,-0.476838193833828
0.43925778567790985,0.7576902061700821,-0.6761631816625595,-0.17130403220653534
0.6502093076705933,0.32615163922309875,-0.3770802617073059,-0.21933013200759888
-0.6398868449032307,-0.5191262625157833,1.0594687014818192,-1.353094607591629
0.4312443509697914,-0.1728726401925087,-0.2525286078453064,1.4212942123413086
-0.38600317016243935,0.19946787133812904,0.22708940505981445,-0.47893616557121277
0.2670923098921776,1.2620295956730843,-1.0964460968971252,-0.02258092164993286
-0.5952463522553444,0.5995352640748024,-0.26381634920835495,-0.024233132600784302
0.5969468057155609,-0.10489536821842194,-0.30650049448013306,0.011680111289024353
-0.2045302391052246,-1.0699853301048279,0.9940293729305267,-0.2880404591560364
-0.6116649806499481,-0.13954582810401917,1.0250012278556824,-0.880454882979393
0.5526476837694645,0.45042815431952477,-1.337361752986908,1.564426839351654
0.21294845640659332,0.01396246999502182,-0.023343808948993683,0.013026483356952667
-0.15060481429100037,0.07642823457717896,0.06601420044898987,-0.4959060847759247
-0.11855258047580719,0.3278491199016571,-0.6697064787149429,0.8086174428462982
0.4006461091339588,-0.087772686034441,-0.2861649617552757,0.2686088904738426
0.9259274303913116,0.7537544369697571,-1.0591179430484772,0.4917590320110321
-0.37966586649417877,-0.4379119277000427,0.45449864864349365,-0.5542553663253784
0.12440825998783112,1.6200134605169296,-1.2757142186164856,-0.6218822598457336
1.0184166729450226,1.1493758857250214,-2.1578649282455444,1.2269904613494873
0.08231286704540253,-0.5715975910425186,0.9720018208026886,-0.45194146037101746
-0.09351137280464172,-0.3418315649032593,0.48801174759864807,0.034244537353515625
0.7100914716720581,0.45606422424316406,-1.1812351047992706,0.7312215268611908
-0.048574768006801605,0.945392332971096,-0.49220311641693115,-0.22470486164093018
-0.18773216009140015,-0.1892291009426117,-0.0057694315910339355,0.9922405183315277
-0.29878028482198715,-0.15272919088602066,0.5083908438682556,-0.49612579494714737
-0.7466998100280762,-0.04809427261352539,0.39787745475769043,-0.00047200918197631836
0.5061765760183334,0.4774986058473587,-1.0485479235649109,0.0743885189294815
1.1169505007565022,-0.10700922086834908,-0.4476093649864197,0.0675358772277832
0.16293011605739594,-1.595998615026474,1.838166743516922,-0.5219421833753586
0.10587378032505512,0.1358241867274046,-0.5068240761756897,0.17979691177606583
0.09996151924133301,-0.27817797660827637,-0.5192712843418121,1.9183866083621979
0.5999837331473827,-0.02569320797920227,-0.19348454475402832,-0.4286220408976078
-0.008640855550765991,1.0341741442680359,-1.0255350545048714,-0.1998317465186119
-0.2586450055241585,-0.3441259488463402,0.6001366376876831,0.29226449131965637
-0.6074244379997253,0.06277108192443848,1.4057409167289734,-2.0886756777763367
-0.39780114591121674,-0.26137253642082214,0.6254929080605507,-0.25492169708013535
0.12881982326507568,-0.5480815172195435,0.39214973896741867,-0.23587893694639206
0.46822911500930786,0.4138314723968506,-0.21802830696105957,-0.7205746173858643
0.08571496605873108,-0.02973988652229309,0.8784765303134918,-1.0379294455051422
-0.754565417766571,-0.9464850425720215,1.6749131679534912,-0.008106887340545654
0.59647211804986,0.06844399496912956,-0.5968114882707596,-0.015848815441131592
0.6128117814660072,-0.2433764636516571,-1.020235538482666,1.2809619903564453
0.10152357630431652,0.17821968719363213,-0.32797519117593765,-0.08164096623659134
0.44617095589637756,0.6909050345420837,-0.4459661543369293,-0.24000483751296997
1.5562009289860725,0.03937897831201553,-1.1170381754636765,0.6745792031288147
0.5425329953432083,0.12750692665576935,-1.1892623007297516,1.7086384296417236
0.3570009768009186,-1.7240000665187836,1.635787844657898,0.048819541931152344
0.5771578922867775,0.05903510004281998,-0.33899927139282227,0.7768460661172867
-0.005026176571846008,-0.3197441603988409,0.521290248259902,-0.49540475755929947
0.643866054713726,0.19734900444746017,-0.6935847848653793,1.3523338437080383
0.18514016270637512,-0.06173699349164963,-0.31477220356464386,-0.8245153278112411
-1.0321538150310516,0.7211588025093079,-0.0724317729473114,-0.9584999084472656
0.15448671579360962,0.1043555736541748,-0.057163357734680176,0.16067519783973694
0.2271018847823143,0.27131155133247375,-0.6904549524188042,0.8107998073101044
-0.37104466557502747,-0.18182620406150818,0.2110079526901245,-1.2204132974147797
-0.714945524930954,-0.5413701236248016,1.2999740242958069,0.014910995960235596
-0.12220058962702751,0.7050172537565231,-0.1695467233657837,-1.0818604230880737
-0.408119261264801,-0.5579188466072083,0.8423868417739868,0.6010410785675049
0.44639840722084045,0.6605935990810394,-0.9149793684482574,-0.262981653213501
-0.1575145721435547,-0.855745792388916,1.0262973606586456,0.7200452983379364
-0.8414355181157589,-0.28839946165680885,0.20708920806646347,0.5023602917790413
0.16056419163942337,-0.6826531514525414,0.5208896808326244,-0.20577796921133995
-1.084808088839054,0.3706268444657326,0.12949219346046448,0.4717901051044464
0.8074964210391045,-0.2663831189274788,-0.3194800466299057,1.2615057826042175
0.653527021408081,-0.6894083619117737,0.8604834973812103,-0.09281527996063232
-0.45534005761146545,-0.2796364426612854,0.5121995508670807,-0.8403297960758209
-0.022548377513885498,-0.5638025179505348,-0.4034752771258354,0.8845463991165161
0.05973394215106964,-0.24165870249271393,0.006246507167816162,0.7681589126586914
0.10182110965251923,-0.3917926698923111,0.04923658072948456,0.5423518270254135
0.15540507435798645,0.19642503559589386,-0.9049953818321228,0.5798501204699278
0.7566402703523636,0.016393929719924927,-1.0713819116353989,0.2593699097633362
0.19029370695352554,-0.058826930820941925,0.270206555724144,-0.23829610645771027
1.1987579315900803,-0.5924699753522873,-0.09893476963043213,-0.19867336750030518
0.1833992823958397,0.24137572199106216,-0.2625732123851776,0.5093706883490086
0.23848386108875275,0.7915693074464798,-0.7535364627838135,0.4699583649635315
-0.1106485053896904,0.46914248913526535,-1.4732727408409119,1.2166637480258942
-0.4888016954064369,0.6167539730668068,-1.41750168800354,0.5892830900847912
0.1548844575881958,-0.8634024560451508,0.0381198525428772,1.548338919878006
-0.45969653129577637,-0.66080741584301,0.37121812999248505,0.07246911525726318
1.2357094287872314,-0.02746918797492981,0.06424814462661743,-1.0031483750790358
0.03543408215045929,-0.1312873810529709,-0.2013131007552147,-0.11710752546787262
-0.3775656223297119,-0.31209132075309753,-0.41717150807380676,0.3365215063095093
0.7843149304389954,-0.5179001875221729,0.9714341945946217,-0.07857722043991089
0.3008640184998512,-0.47860120981931686,-0.1958572268486023,0.4701763689517975
-0.43496532551944256,-0.16838775761425495,0.7837907075881958,-1.3731725811958313
-0.26642636209726334,-0.5530054494738579,0.836441844701767,-0.0998944640159607
-0.10877682268619537,0.09054497629404068,0.563904382288456,-1.0013394355773926
0.3285123109817505,0.6159037500619888,-1.0166839510202408,0.5934635102748871
0.3973942697048187,0.14311033487319946,-0.8743946850299835,0.28860723972320557
-0.043796107172966,0.2653227895498276,-0.8665504455566406,0.3521922826766968
-0.4016542173922062,0.1929602064192295,-0.42684757709503174,0.7100147306919098
-0.01030677929520607,-0.4366072379052639,-0.13739295303821564,0.4512161761522293
0.42201719991862774,-0.9685060810297728,0.7247335016727448,0.21472520381212234
-0.05572064220905304,0.10245271027088165,-0.5899913311004639,0.05502074956893921
0.4021645784378052,-0.5962181091308594,1.4620920419692993,-0.00744175910949707
-0.4188438206911087,-0.23112086951732635,1.1358646154403687,-0.42448416352272034
0.4919191747903824,0.46318990364670753,-0.7621539421379566,0.18307417631149292
0.08174288272857666,0.1368921399116516,-0.7521759867668152,0.5454647541046143
-0.2754361853003502,-0.2813921719789505,-0.10454875230789185,0.5703843832015991
0.35309021919965744,0.8081252723932266,-1.3349881619215012,0.4582104831933975
0.0264473557472229,-0.016435444355010986,-0.062408447265625,0.41461417078971863
0.05524072051048279,-0.38573025166988373,0.6105206459760666,-0.2450687289237976
-0.5126778148114681,-0.22915037348866463,-0.13290736079216003,1.0347072035074234
0.5198924466967583,0.42423882335424423,-1.6484633088111877,1.6340007781982422
0.06634002178907394,0.22405720502138138,0.08951699733734131,-1.2968772053718567
-1.0158365666866302,-0.7330324351787567,2.592451512813568,-2.3306525349617004
0.5634894967079163,0.32709161937236786,-0.07431785762310028,-0.23344549536705017
-0.11748553812503815,-0.3325575590133667,-0.23085477948188782,0.2714463472366333
-0.7119212225079536,-0.37443649023771286,1.2661051750183105,-1.3384908437728882
1.3627325892448425,-0.3431384563446045,-1.1283331513404846,0.8356174454092979
0.0401797890663147,0.2197384536266327,-0.4327704608440399,0.3281669616699219
0.12943130731582642,-0.23218780755996704,0.17845237255096436,0.8038107752799988
-0.7374160960316658,-0.37523242831230164,1.1597974747419357,-1.083419606089592
-0.48985816538333893,-0.34064915776252747,0.5726920366287231,0.8442881107330322
0.2216663956642151,0.483667716383934,-0.3305225968360901,0.9489155411720276
-0.7072159424424171,-0.0018421635031700134,-0.21316826343536377,0.4871017336845398
-0.03987246751785278,-0.5612757802009583,0.5453673899173737,0.07403910160064697
0.040427133440971375,-0.9771047383546829,0.358585387468338,0.17022114992141724
0.6880998499691486,-0.1060171015560627,-0.11608386039733887,-0.45065557956695557
0.45381292700767517,-0.3324124813079834,0.1997889280319214,0.5541374087333679
-0.08384460210800171,0.3414056599140167,-0.5064543038606644,-0.3651913106441498
-0.15533770620822906,0.4370591640472412,-0.45859871804714203,-0.07269126176834106
-0.08160597085952759,0.4738808870315552,-0.45253515243530273,0.8329249918460846
-0.331298291683197,-0.4080201983451843,0.3890930116176605,0.5131662786006927
-0.27687332034111023,0.5506849586963654,-0.5012673288583755,0.7873703390359879
-0.12363983690738678,-0.30483464896678925,-0.13779598474502563,0.4710600897669792
-0.845904529094696,0.057477593421936035,0.6125986576080322,-0.09553414583206177
-0.09707513451576233,0.9265526682138443,-0.24640269577503204,-0.7789299786090851
0.3004113584756851,-0.3095112591981888,-0.5902920961380005,0.7853419184684753
-0.1874774694442749,-0.48152031004428864,0.5262385457754135,-0.16183331608772278
-0.33119913935661316,0.26264408230781555,0.38393229246139526,-0.4804738163948059
-0.4600893259048462,-1.217860370874405,1.8783164620399475,-0.2633534073829651
0.7515650689601898,-0.3686222415417433,0.260121775791049,0.4200954884290695
-1.5260177105665207,-0.6459908038377762,1.6927300095558167,-1.070414960384369
-0.19237400591373444,0.09397856891155243,0.1343744397163391,0.3346206247806549
0.5701076984405518,-0.21195292472839355,0.11259210109710693,0.39770424365997314
-0.5846085269004107,-0.3008925598114729,-0.09334111213684082,0.4499981999397278
0.06518198549747467,-0.11222326755523682,-0.21903261542320251,0.4273325353860855
0.38770971447229385,0.09360229223966599,0.47580787539482117,-0.941210150718689
-0.45888593792915344,-0.3519255816936493,0.549675464630127,-0.06789308786392212
-0.6930221021175385,0.08429929614067078,0.9413831233978271,-1.262971043586731
-0.8800794184207916,0.4856877624988556,-0.8335678279399872,1.2301131188869476
-0.22600382566452026,-0.06632421910762787,0.13621750473976135,0.18712089210748672
0.8183013498783112,-0.42641834914684296,-0.7295494973659515,0.5729262679815292
0.06844806671142578,-0.45400768518447876,1.0351704359054565,-0.5799514763057232
-0.9438168611377478,0.38298249803483486,-0.28912992775440216,-0.3628680109977722
0.8119235187768936,-0.5465308576822281,0.6712835729122162,0.5716459453105927
1.5215154401957989,-0.6794666163623333,0.19097399711608887,0.7225726842880249
-1.6648128628730774,-0.892932653427124,2.1455636620521545,-0.7655417025089264
-0.09727399051189423,-0.4821878671646118,0.7263962998986244,-0.49957046657800674
-0.3597866892814636,-0.6692419052124023,0.7226756811141968,-0.5506449937820435
0.9965168610215187,-0.01701418310403824,0.31824666261672974,-0.9639371037483215
-0.5082811862230301,-1.6577811688184738,0.9807360768318176,0.7026036977767944
0.9305282235145569,-0.47616443037986755,0.03538168966770172,-0.03132122755050659
0.5081331133842468,-0.9746857434511185,-0.03530342876911163,-0.1847260594367981
0.029439330101013184,-0.6556094288825989,0.3225659132003784,1.0256493091583252
0.0559372752904892,0.2222924381494522,-0.9244156554341316,0.875025101006031
0.24877725914120674,0.07634323462843895,0.6162977963685989,-1.1897472739219666
-0.07467648014426231,0.20757004246115685,0.43872489035129547,-0.7241514027118683
0.4357405826449394,-0.32935862988233566,-0.24767452478408813,1.2749476432800293
0.0882919430732727,-0.13329142332077026,0.6923989877104759,-0.560176394879818
0.03208343684673309,0.18875184655189514,-0.3843715488910675,0.6433239579200745
-0.4691029004752636,0.3061402291059494,0.13726270385086536,-0.10319695062935352
0.5748463422060013,-0.044220343232154846,0.30156317353248596,-0.5338530838489532
-0.25342023372650146,0.021862924098968506,0.7799194753170013,0.4177367389202118
0.9717820361256599,0.5076897665858269,-1.5115138292312622,0.24255651235580444
0.1932818740606308,-0.15908758342266083,-0.35438576992601156,0.500497973524034
-0.15620151162147522,-0.45849913358688354,0.08069798350334167,0.11554157733917236
0.10822741687297821,0.6495390981435776,-1.5247035324573517,0.7835944294929504
-0.3189682513475418,-0.21216993033885956,0.492898166179657,-1.07577782869339
-0.35048453509807587,0.5785907953977585,-0.8713440895080566,0.2741747498512268
-0.7135074362158775,0.5231460407376289,0.2736467942595482,0.8169313371181488
-0.06529941409826279,0.07659509032964706,-0.9991276264190674,1.3473091125488281
-0.6518471613526344,-0.23811905831098557,0.21988937258720398,-0.3304909020662308
0.03074706718325615,-0.6757254786789417,1.0674972236156464,-0.37804093211889267
0.5663596391677856,-1.2276435270905495,1.1681256666779518,-0.015418291091918945
0.36836768686771393,0.2872847765684128,-0.8227677643299103,0.10893931984901428
0.18945613503456116,-0.6040768921375275,0.3399960398674011,-0.5069872438907623
0.677469190210104,-0.2954576723277569,0.4091426283121109,0.06116423010826111
-0.1851011961698532,0.08498077839612961,-0.27532199770212173,-0.007763922214508057
-0.2874799519777298,0.12775497138500214,0.11114856600761414,0.11560001969337463
-0.4471166729927063,0.9225028157234192,-0.03414046764373779,-0.3789001703262329
1.2683965638279915,0.41293566673994064,-1.1183125674724579,0.36106258630752563
-0.058193497359752655,0.2153627574443817,-0.19178950786590576,0.14681482315063477
0.8887105584144592,1.5561607480049133,-2.826815962791443,0.6991925239562988
-0.11940138041973114,-0.9120562970638275,0.24131131172180176,0.18850386142730713
0.5319633269682527,0.09112636651843786,-0.833612285554409,0.8047642149031162
0.3418910503387451,-0.31697776913642883,0.4298051670193672,-0.4844946935772896
-0.4179881513118744,-0.7716158926486969,0.4227689206600189,1.0251405537128448
0.4536380171775818,0.09296363592147827,0.4278680086135864,-0.6801605224609375
-0.474090039730072,-0.7173295319080353,0.883212074637413,-0.3596671372652054
0.49837714433670044,0.18303000926971436,-0.7687146663665771,0.042989134788513184
-0.6105451956391335,-0.1947987601161003,1.1122185587882996,-1.3612293601036072
0.17305130511522293,0.09608151763677597,-0.13335636258125305,0.35964229702949524
-0.25315868854522705,-1.1465696096420288,1.2570237517356873,-0.09488052129745483
-1.114752046763897,0.28088852018117905,0.27325400710105896,-0.26068729162216187
-0.6797665357589722,-0.5905086845159531,0.3963739722967148,0.9069380760192871
-0.04414282739162445,-0.22379446774721146,-0.5037190467119217,-0.0721895694732666
0.4872702956199646,0.09635266661643982,-0.7406062483787537,-0.19767487049102783
0.0594153106212616,0.4473791569471359,0.5321377515792847,-0.7945409119129181
0.18866786360740662,0.6303642988204956,-1.0653175711631775,0.7990961670875549
0.45369797945022583,0.025776654481887817,-0.9127815663814545,1.3676199316978455
1.310712531208992,0.25375716388225555,-1.2720444798469543,0.25035929679870605
-0.5352490022778511,0.24273332208395004,-0.06426836550235748,0.7649432420730591
-0.0625848975032568,-0.5756671745330095,1.2704481482505798,0.04338693618774414
0.0977017879486084,0.045272260904312134,-0.0945364236831665,-0.48956799507141113
0.9154334589838982,0.4690157249569893,-1.2524308562278748,1.09707510471344
-0.1603802740573883,0.1524229347705841,0.4702382981777191,-0.522374302148819
0.08300021290779114,0.11533406376838684,0.4587750881910324,-0.08909331262111664
0.3258080258965492,-0.6803961768746376,0.5288430005311966,1.3527189940214157
0.42747457325458527,-0.4625862389802933,0.6863633990287781,-0.12838992476463318
0.6397828832268715,0.7810918241739273,-1.0641469061374664,-0.1733417809009552
-0.02495817467570305,-0.021919313818216324,-0.08244674652814865,0.6323616579174995
0.8269010484218597,-0.060781046748161316,-0.0549611896276474,0.21869389712810516
-0.4144238904118538,0.16200000792741776,-0.22115977108478546,0.21622993052005768
-0.003236096352338791,0.09405801817774773,-0.04263955354690552,-0.5029935985803604
-0.13144968450069427,-0.18531884253025055,-0.041003696620464325,-0.6582869961857796
0.076229028403759,-0.09645002335309982,0.6402794569730759,-0.45674267411231995
-0.17316898703575134,-0.02199392020702362,0.4298943281173706,0.4940445125102997
0.9690580815076828,0.9669079333543777,-1.4609983563423157,0.24423442967236042
0.27916157245635986,-0.3245631754398346,0.05834117531776428,-1.075708419084549
-0.28441447019577026,-0.6445457190275192,1.201954647898674,-0.6732472479343414
-0.7728391289710999,-0.4043121188879013,1.1390814036130905,-0.7600903511047363
0.024127177894115448,0.5540638640522957,-0.9206600040197372,-0.6172823160886765
0.354021567851305,-0.34007132425904274,0.2062634639441967,0.9808656014502048
0.15447555109858513,0.08504650369286537,-0.4184400588274002,0.848749652504921
0.8669307241216302,0.5739050498232245,-0.1103786826133728,-1.2062112092971802
-0.009660601615905762,0.10698175430297852,0.02206242084503174,-0.2909141778945923
0.5431469082832336,-0.2483975887298584,-0.04341709613800049,0.11645293235778809
-0.2858966141939163,-0.6494079679250717,1.2159624695777893,-0.9029636383056641
-0.4272341877222061,0.39282406866550446,-1.3330069184303284,0.7344875335693359
-0.030688554048538208,-0.32088133692741394,0.41843366622924805,0.5202792882919312
-0.09458939172327518,-0.25809977017343044,0.37146829068660736,0.005675911903381348
0.38565361499786377,0.6936947703361511,0.08683907985687256,-0.47727105766534805
0.3952721953392029,0.6173794269561768,-1.5143832564353943,0.5601457357406616
-0.3229999542236328,-0.2718646824359894,0.5922063291072845,-0.3901677429676056
0.36360445618629456,0.35383400321006775,-1.9740475416183472,0.7612775973975658
-0.6023998036980629,-0.2143816277384758,0.09736016392707825,0.32699595391750336
-0.4606485962867737,0.09476137161254883,0.7853068262338638,-0.41303350031375885
-0.06096944212913513,0.49381234496831894,-1.667239248752594,1.184017539024353
-0.3832705318927765,0.5292980819940567,-0.7061897814273834,0.4842776954174042
-0.11692168563604355,-0.06667978316545486,0.425322026014328,0.26858842372894287
-0.8950998783111572,-0.6628213226795197,1.040337473154068,-0.19477736949920654
0.7958023734390736,0.29781370237469673,-0.5909109190106392,0.6280978471040726
0.32028648257255554,0.3079887628555298,-0.6240034699440002,-0.2055642306804657
-0.46896088123321533,-0.4921037554740906,0.06249934434890747,0.4100503623485565
-0.6668704822659492,0.7831761613488197,-0.36918216943740845,-0.9304901957511902
0.34938353300094604,-0.09256821870803833,-0.5799402594566345,0.2786824107170105
-0.9311187881976366,-0.614733574911952,1.4851082265377045,-0.821211576461792
0.12382657825946808,-0.07717692852020264,0.05085761845111847,0.14935258030891418
-0.6789298951625824,-0.31849774718284607,0.004787832498550415,-0.0426238477230072
-0.17184178158640862,0.060494162142276764,0.37995435670018196,0.18305155634880066
0.021271131932735443,-0.21485444158315659,-0.5821172595024109,0.887872040271759
1.366005301475525,0.534020185470581,-1.2826376557350159,-0.00037282705307006836
-0.5492085367441177,-0.31693652272224426,1.7121299505233765,-0.19636660814285278
0.08702100813388824,0.43216681480407715,-0.6294828057289124,0.4479018896818161
0.4979250133037567,0.7772619426250458,-1.7754892110824585,1.239468052983284
0.35637419670820236,0.3109905496239662,-0.38460966385900974,0.5881822351366282
-0.14260138012468815,0.9888752195984125,-0.9857319742441177,-0.5629976242780685
-0.49634677171707153,0.02379739284515381,0.7642133086919785,-0.46102194488048553
-0.11192759871482849,-0.43252328038215637,0.2860613465309143,0.8481975197792053
-0.2626345157623291,-0.7614307105541229,0.49592234194278717,0.1885978877544403
0.309141606092453,0.5079022347927094,-1.3182587921619415,0.5555403232574463
0.31552353501319885,0.9913615882396698,-1.0999127626419067,-1.4711177945137024
-0.33311042189598083,0.8161791190505028,-0.5393430516123772,0.5342850685119629
-0.5004383474588394,0.07862338423728943,-0.23770417645573616,-0.1319732330739498
-0.4075160212814808,-0.07402081415057182,1.0092455297708511,0.18268465995788574
0.09964290261268616,0.4457722045481205,-0.3671005107462406,-0.1363486647605896
-0.33634721115231514,-0.17104756459593773,-0.05002981424331665,0.8877949416637421
0.13460980355739594,0.602737233042717,-0.638367623090744,-0.45079922676086426
0.5384085513651371,0.07110955938696861,-0.5754658579826355,0.560221791267395
0.5906812846660614,0.4110127203166485,-0.4796942286193371,-0.7558079361915588
-1.0455725193023682,0.06855796277523041,1.039885774254799,-1.2543203234672546
-1.0077922344207764,0.1355210542678833,1.0044200420379639,-0.6018664315342903
0.6456883996725082,0.27919216454029083,-0.4566856473684311,0.4385053366422653
0.7161609530448914,0.49218428134918213,-0.7341998443007469,-0.010656662285327911
-0.5293840579688549,0.5852613225579262,0.465227909386158,-0.05269023776054382
0.4352343939244747,-0.33872000873088837,-0.37650538980960846,0.18438588082790375
-0.0049144551157951355,0.0376015231013298,-0.10867476463317871,-0.9068563580513
0.12773346900939941,-0.48554494976997375,-0.24316903948783875,0.7980091869831085
-0.4517926126718521,-0.47168053686618805,0.548166036605835,0.3013457953929901
-0.1280347779393196,0.27939365059137344,0.19724339619278908,0.023578178137540817
0.6010180413722992,0.6069435179233551,-0.625016413629055,-1.3281260505318642
-0.2564964294433594,1.349777638912201,-0.12351810932159424,-1.156717300415039
0.09580933302640915,-0.857811689376831,0.27994394302368164,0.3630063831806183
-1.1108312755823135,0.7142218351364136,0.44581378996372223,-0.3234546482563019
0.5690674036741257,-0.7415348142385483,-0.35284310579299927,0.7383575439453125
-0.6699344702064991,-0.23691270872950554,0.3995266780257225,-0.09868955984711647
-0.20630547404289246,0.3761701285839081,-0.8224768042564392,-0.20768970251083374
-0.5755323171615601,0.40184295177459717,0.9552672654390335,-1.0535625964403152
-0.14552965760231018,-0.6402559876441956,0.38050973415374756,0.7233136836439371
0.2925890386104584,-0.07390621304512024,0.8924230337142944,-0.280020534992218
-0.010160557925701141,0.8128425404429436,-1.2579337060451508,0.7114346921443939
-0.8295523822307587,-0.1042650043964386,0.5641818046569824,-0.696522444486618
-0.0400269590318203,-0.5835482515394688,0.4484099745750427,0.6716147065162659
-0.48183949291706085,-0.6952657625079155,1.013036109507084,0.6161399111151695
0.23326534032821655,0.17096585035324097,-0.1090085506439209,-0.47970545291900635
-0.6087196320295334,0.40117111802101135,0.010449513792991638,-0.8861348330974579
0.1874963641166687,-0.47859593480825424,0.4262950159609318,-0.11922575905919075
-1.0290640890598297,-0.5386779010295868,1.761621356010437,-2.3844484090805054
-0.6939325928688049,-0.03614544868469238,-0.07957673072814941,-0.2787475287914276
-0.1994665414094925,-0.7343347072601318,1.0683162659406662,-0.7344077080488205
0.6525737643241882,-0.3516540974378586,-0.28430990129709244,0.7633283212780952
-0.7159374691545963,1.60800102353096,-0.3384104371070862,-0.7284074872732162
0.4194086492061615,-0.12160303443670273,-0.810354508459568,0.4978298246860504
-0.08886444568634033,-0.047569602727890015,-0.9365417659282684,1.2721242904663086
-0.20515747368335724,-1.011589303612709,1.557763397693634,-0.7658093422651291
-0.6928060352802277,0.09071725606918335,0.4210558831691742,-0.8207617700099945
0.517498254776001,0.5636659562587738,-0.15686875581741333,-0.7754508256912231
0.3622056767344475,-0.6195248290896416,1.2237438559532166,-0.2568913698196411
0.044760704040527344,-0.38896092772483826,1.1866057217121124,-0.4193119555711746
0.21265435218811035,0.19454076886177063,-0.5952487289905548,0.012550532817840576
0.19536125659942627,-0.013082623481750488,-0.22037619352340698,0.13632923364639282
-2.0319208428263664,-1.0849673226475716,2.268013119697571,0.09505712985992432
0.031832315027713776,-0.5363214984536171,0.18925055861473083,0.6098176538944244
-1.0330669730901718,-0.34365756809711456,1.466627299785614,-0.9478134214878082
-0.3280462771654129,-0.41431958973407745,0.8258423209190369,-0.3732871636748314
-0.0351727232336998,0.17887180298566818,0.09357030689716339,0.13090316951274872
0.7370634935796261,0.1258525587618351,-0.8965899795293808,-0.004658684134483337
0.21595419943332672,0.11610805988311768,-0.34021493792533875,0.6618512570858002
0.5659291595220566,-0.04953242838382721,-0.12245729565620422,0.0976954996585846
0.1173909604549408,-0.03339388966560364,-0.31065335869789124,0.27797001600265503
-0.15735647082328796,0.39299681782722473,-0.3821725361049175,0.00991436094045639
-0.17986465245485306,-0.5969710573554039,0.6754439324140549,0.03403082489967346
0.21166430413722992,0.40375755727291107,-0.08714355528354645,-0.6901254206895828
-0.21581554412841797,0.4802010655403137,-0.20277011394500732,-0.3550078570842743
-0.5926657766103745,0.27388517558574677,-0.3611343801021576,-0.23378974199295044
0.5477004647254944,0.10743215680122375,-0.2792324423789978,0.3923172354698181
-0.04701907932758331,-0.493920486420393,-0.06664230301976204,0.4072479158639908
0.7842914015054703,0.6963634639978409,-1.3887557983398438,1.0838429927825928
0.2340903878211975,-0.21563804149627686,0.3542459011077881,0.31634461879730225
-0.3172353506088257,-0.3186253309249878,0.030387282371520996,-0.6904818564653397
-0.14016412943601608,0.3828743100166321,0.19456811994314194,0.029655829071998596
-0.01495102047920227,0.45493651926517487,-0.2701746076345444,-0.09935057163238525
0.18479084968566895,-0.15802204608917236,-0.04664349555969238,-0.040180742740631104
-0.35316579043865204,0.880895659327507,-1.0342946723103523,0.28516552597284317
0.7500996589660645,-0.001232236623764038,-0.9980998635292053,0.7913928031921387
-1.132739633321762,-0.7871646583080292,1.204785518348217,-0.6756268069148064
-0.06070419028401375,-0.6916511170566082,0.9707145988941193,-0.7914152145385742
0.4593837410211563,0.1074264794588089,-0.5069751888513565,-0.35648809373378754
0.49259745329618454,-0.5065805241465569,-0.014290377497673035,1.1982357949018478
-0.22824440151453018,0.32035354524850845,-0.6357773318886757,-0.273460291326046
0.9755618050694466,0.7234897539019585,-1.328176498413086,0.28584182262420654
-0.8548725545406342,0.903671458363533,-0.12350223958492279,-0.3731350898742676
0.042650699615478516,-0.0743124783039093,-0.3023833557963371,-0.183971107006073
-0.2813788987696171,0.204915139824152,0.049367375671863556,-0.4476860836148262
1.1663759052753448,0.8260705769062042,-0.9283289313316345,-0.4140141010284424
0.45508717000484467,0.23985476791858673,-0.6717731952667236,-0.3458620309829712
0.40183189511299133,0.8183143883943558,-0.417339563369751,0.1768815517425537
-0.0442144051194191,-0.6388480886816978,0.6219587326049805,0.2805241420865059
-0.340994656085968,-0.7629101425409317,0.2501773089170456,1.3297149240970612
0.2572084963321686,-0.3276713192462921,-0.02381289005279541,1.0314938426017761
-0.48036088794469833,-0.6233193948864937,0.7442022114992142,-0.19530047476291656
-0.07309567928314209,-0.5405666530132294,0.32387861609458923,-0.013716578483581543
0.5527976900339127,-0.5514724403619766,-0.322857141494751,0.722983255982399
-0.5762115865945816,-0.01563142240047455,0.6349758505821228,-0.4127265214920044
-0.07226085662841797,-0.533668115735054,0.2945818156003952,0.6815640479326248
0.18215972185134888,-0.10040009021759033,0.04948699474334717,-0.050803303718566895
0.26379841566085815,0.8193665891885757,-0.8980106115341187,-0.4309978187084198
0.9030432030558586,0.59211415797472,-0.9926016926765442,-0.3988126516342163
0.651880294084549,0.8321032226085663,-1.8672963380813599,1.0260927081108093
-0.2538338750600815,-0.03902071714401245,0.9577296376228333,-1.4597269892692566
-0.2287689447402954,1.4338280260562897,-1.104047805070877,-0.5270044803619385
-0.2131001353263855,-0.31754976511001587,0.47739332914352417,-0.1726168990135193
